student_id,gender,school_type,prior_gpa,attendance_pct,quiz_avg,assign_avg,midterm,study_hours_wk,on_time_submit_pct,lms_logins_wk,forum_posts,parent_edu,commute_min,final_score,passed
1,Male,Private,5.93,55.7,73.82,70.04,51.49,13.32,32.72,13,3,High School,30,59.26,1
2,Female,Government,7.71,54.82,83.73,86.38,57.87,4.28,43.07,1,4,Graduate,96,57.06,1
3,Male,Government,9.36,94.38,40.04,83.21,88.36,17.58,88.19,9,3,High School,87,79.94,1
4,Male,Government,8.66,54.97,69.99,40.77,47.2,12.65,83.67,10,1,Post Graduate,111,64.76,1
5,Male,Government,9.03,56.32,65.74,40.45,89.57,3.99,54.54,12,0,Graduate,73,64.77,1
6,Female,Government,8.29,85.56,86.63,48.77,27.05,19.28,56.38,0,7,Post Graduate,101,67.2,1
7,Male,Private,8.46,66.98,92.49,55.28,82.14,10.85,67.35,9,3,Graduate,88,70.78,1
8,Male,Government,9.25,86.6,20.97,58.59,87.8,2.39,30.02,7,4,Graduate,34,63.06,1
9,Male,Private,6.25,43.92,73.92,77.58,34.55,12.91,46.89,8,5,High School,113,55.07,1
10,Female,Private,7.45,69.25,24.15,33.97,54.43,5.81,44.58,6,7,Graduate,12,53.57,1
11,Male,Government,6.11,42.02,63.91,32.43,33.24,16.27,47.53,7,7,Post Graduate,42,54.27,1
12,Male,Government,9.94,43.76,43.01,57.43,76.53,16.54,86.41,3,6,Graduate,65,72.83,1
13,Male,Private,9.72,94.39,44.54,78.8,62.83,19.6,49.58,3,3,Post Graduate,85,75.95,1
14,Male,Government,5.2,48.35,48.24,43.54,70.83,10.54,43.41,12,5,High School,112,50.82,1
15,Female,Government,8.53,71.95,69.7,74.91,35.72,9.64,65.3,1,3,Post Graduate,69,62.08,1
16,Male,Private,9.63,64.67,46.72,48.19,36.94,15.32,90.6,7,6,Graduate,71,69.49,1
17,Female,Private,5.9,60.84,78.62,92.03,23.32,3.52,46.89,14,0,Post Graduate,50,51.54,1
18,Female,Government,7.84,93.99,52.36,92.7,45.77,11.39,35.5,10,4,Post Graduate,94,65.12,1
19,Female,Private,9.58,41.31,25.47,50.81,64.78,11.38,54.95,1,9,Graduate,99,62.15,1
20,Male,Government,5.17,79.83,82.7,46.1,88.63,2.7,82.34,8,9,Post Graduate,76,55.6,1
21,Female,Government,8.49,97.8,42.86,58.79,73.35,8.94,68.55,13,3,Graduate,47,69.56,1
22,Male,Government,6.49,73.61,54.62,46.84,54.83,17.21,87.18,3,6,High School,63,61.4,1
23,Female,Private,9.62,96.21,74.84,77.07,96.25,17.27,97.17,0,8,Post Graduate,50,83.6,1
24,Female,Private,9.86,43.14,46.6,87.82,77.54,2.89,85.49,12,4,High School,76,68.21,1
25,Female,Private,9.72,65.13,24.53,77.12,94.41,2.72,72.27,3,3,Post Graduate,39,65.51,1
26,Female,Private,7.37,55.61,49.91,87.7,62.21,5.99,64.53,2,8,Post Graduate,43,58.03,1
27,Female,Private,9.31,83.85,95.56,57.79,40.71,17.62,32.8,11,4,High School,96,74.96,1
28,Female,Government,9.22,98.88,71.34,40.94,24.23,3.45,98.9,5,8,Post Graduate,55,63.78,1
29,Female,Government,6.6,55.39,73.72,81.66,78.09,14.68,56.84,6,7,Post Graduate,8,66.36,1
30,Female,Government,9.14,79.25,70.58,55.23,29.7,2.92,40.66,7,3,High School,84,59.16,1
31,Male,Government,5.19,51.89,35.92,76.99,44.22,12.84,76.67,1,6,Post Graduate,81,49.26,0
32,Male,Private,7.98,73.92,53.47,48.95,62.6,7.77,49.9,5,4,Graduate,88,59.34,1
33,Female,Government,6.15,67.84,80.08,35.69,65.15,15.99,71.0,14,9,Post Graduate,55,65.66,1
34,Female,Private,5.6,98.32,28.11,99.48,68.05,5.44,71.07,5,3,Post Graduate,9,55.61,1
35,Female,Government,5.38,76.51,42.23,40.93,33.3,13.14,61.2,9,4,Post Graduate,59,51.51,1
36,Male,Private,8.48,60.97,42.11,99.19,50.38,5.48,88.53,11,4,High School,105,62.98,1
37,Female,Private,6.7,46.85,54.56,98.41,69.38,14.56,48.55,4,8,Graduate,24,63.04,1
38,Male,Government,8.62,49.07,98.43,85.57,97.59,17.6,61.4,9,8,Graduate,28,80.92,1
39,Male,Government,5.33,53.52,25.4,76.16,78.21,3.41,67.64,9,5,Post Graduate,40,49.54,0
40,Male,Government,6.58,55.06,61.5,70.45,93.81,17.47,76.45,6,3,High School,38,67.37,1
41,Male,Government,7.7,91.04,34.35,90.63,80.98,12.28,84.88,2,1,High School,113,65.4,1
42,Male,Private,8.95,73.67,97.65,50.26,67.34,3.42,57.64,3,2,Graduate,116,63.06,1
43,Female,Government,6.59,71.4,29.06,62.74,35.36,9.12,75.22,9,1,High School,58,53.21,1
44,Female,Government,8.13,46.89,52.29,73.36,73.33,4.06,40.54,12,4,Post Graduate,38,60.93,1
45,Female,Private,9.43,91.61,79.03,58.78,69.87,14.31,95.29,8,5,Post Graduate,87,77.91,1
46,Female,Government,8.08,83.37,76.36,59.92,68.2,15.42,56.81,3,4,High School,21,70.36,1
47,Female,Government,6.16,44.06,53.82,53.12,59.18,3.01,81.07,2,1,Post Graduate,9,48.13,0
48,Male,Government,5.12,82.47,47.72,69.5,62.29,10.62,31.42,13,4,Graduate,93,54.46,1
49,Female,Government,9.35,72.61,51.81,89.54,46.76,16.48,44.36,1,8,Post Graduate,22,71.66,1
50,Female,Government,5.11,44.9,41.14,44.11,61.55,18.79,64.1,4,3,High School,59,52.93,1
51,Male,Private,9.37,67.5,36.43,95.41,35.8,10.76,91.48,3,9,Graduate,57,67.43,1
52,Female,Government,7.64,69.08,58.64,78.24,84.41,19.06,66.91,12,1,Post Graduate,54,73.72,1
53,Male,Government,9.7,49.95,41.48,87.63,34.86,11.18,95.09,12,2,Graduate,76,68.56,1
54,Female,Government,8.99,96.74,43.0,68.93,26.8,8.49,63.87,7,2,High School,95,62.67,1
55,Male,Government,9.99,91.0,72.54,84.57,54.9,17.12,64.33,6,8,Post Graduate,83,79.91,1
56,Female,Government,6.75,80.14,97.48,31.13,72.66,10.37,38.38,5,3,Post Graduate,49,61.27,1
57,Female,Private,8.84,67.74,68.29,87.29,55.02,9.97,86.19,10,0,Graduate,17,70.68,1
58,Male,Government,7.01,64.71,26.16,32.81,42.14,10.32,47.29,11,0,Post Graduate,20,53.51,1
59,Male,Private,7.4,79.06,26.05,92.29,64.65,17.09,92.97,1,6,Post Graduate,90,65.66,1
60,Male,Private,8.14,72.73,96.11,99.44,47.76,16.81,93.76,2,6,Post Graduate,88,72.97,1
61,Male,Government,9.37,43.74,43.78,50.58,94.63,8.67,96.03,9,1,Post Graduate,17,69.62,1
62,Male,Government,9.92,70.75,27.37,44.72,93.81,7.33,66.42,8,8,High School,24,70.9,1
63,Male,Government,8.84,88.38,67.92,83.58,60.19,10.35,77.4,12,8,Post Graduate,70,74.06,1
64,Male,Government,7.09,67.55,69.89,47.71,46.23,11.88,84.5,8,4,Graduate,103,60.2,1
65,Male,Private,7.11,43.12,71.88,90.59,78.97,5.53,39.17,14,2,High School,51,61.4,1
66,Female,Government,8.69,87.18,41.39,37.2,22.94,16.09,72.07,4,2,Graduate,23,64.06,1
67,Female,Government,6.19,52.08,21.21,38.82,57.98,10.24,32.4,13,2,Graduate,49,50.93,1
68,Male,Government,5.55,55.52,97.2,98.54,46.91,7.35,64.83,2,5,Graduate,41,55.0,1
69,Female,Government,6.77,49.88,40.07,77.17,93.64,3.03,40.84,1,3,High School,58,52.35,1
70,Female,Government,6.44,59.81,74.08,89.28,20.96,5.54,42.8,7,7,High School,10,53.69,1
71,Female,Government,6.48,85.41,76.53,52.7,64.23,19.04,55.55,14,4,High School,18,70.28,1
72,Female,Private,6.17,71.16,68.8,77.35,79.25,6.8,60.27,5,0,Post Graduate,8,58.45,1
73,Male,Private,5.21,52.29,45.03,71.6,58.8,4.21,73.62,9,8,Graduate,90,48.62,0
74,Female,Government,5.09,92.67,41.69,72.22,26.83,9.75,35.21,10,0,High School,119,47.88,0
75,Male,Government,9.94,92.77,67.81,77.78,97.8,6.83,65.26,11,5,Graduate,59,78.58,1
76,Female,Government,7.14,92.23,89.29,70.28,61.44,1.67,42.78,6,0,High School,107,57.07,1
77,Female,Private,6.92,54.33,95.74,60.03,69.13,7.14,70.18,0,2,High School,104,56.9,1
78,Female,Government,8.4,67.07,28.47,49.31,38.93,11.34,74.62,0,9,High School,38,59.32,1
79,Male,Private,6.09,99.1,32.39,83.8,58.68,11.48,68.97,9,4,Graduate,31,60.92,1
80,Female,Government,9.75,86.32,95.58,45.84,54.33,7.77,81.68,1,9,Post Graduate,11,72.46,1
81,Male,Government,8.93,41.63,78.92,78.46,25.99,9.5,53.49,9,6,High School,7,65.12,1
82,Female,Government,5.45,43.91,90.64,46.33,28.49,19.34,83.56,14,9,High School,51,61.41,1
83,Male,Government,7.09,67.84,36.21,73.77,87.0,8.17,60.29,2,7,High School,101,58.49,1
84,Female,Private,9.4,94.55,67.01,82.3,39.19,5.91,63.89,11,8,Post Graduate,6,71.55,1
85,Male,Private,9.72,72.32,76.09,45.31,35.6,5.63,75.37,0,5,Graduate,110,61.87,1
86,Male,Government,7.34,69.87,74.41,34.2,60.39,9.7,31.29,13,8,Graduate,84,61.67,1
87,Female,Government,8.07,46.33,52.65,39.17,81.5,15.43,75.78,4,7,Graduate,29,66.63,1
88,Male,Private,5.84,79.41,21.23,72.42,24.96,4.91,73.3,14,8,Graduate,64,50.29,1
89,Female,Private,9.96,89.33,66.63,89.46,66.14,14.48,51.69,14,9,High School,83,81.48,1
90,Female,Private,6.16,62.83,40.25,33.15,29.54,1.4,36.01,2,3,Post Graduate,28,40.75,0
91,Female,Private,9.71,86.54,56.02,81.39,22.92,8.96,36.37,0,8,High School,19,65.57,1
92,Female,Government,8.25,97.87,96.61,53.89,24.22,15.74,94.63,7,6,Post Graduate,99,70.8,1
93,Female,Private,8.04,52.23,51.92,63.5,86.73,7.44,78.25,11,4,Graduate,18,66.02,1
94,Female,Government,7.56,71.4,87.18,95.02,29.44,11.71,38.9,10,4,Post Graduate,58,64.71,1
95,Female,Private,6.15,57.23,35.08,53.24,23.61,4.89,54.97,5,0,High School,82,42.86,0
96,Female,Private,5.88,87.57,73.8,62.57,55.03,15.1,71.47,8,1,High School,10,63.02,1
97,Female,Private,6.1,74.66,98.16,30.96,87.52,1.99,88.49,2,9,Graduate,82,56.24,1
98,Female,Private,5.93,78.07,28.15,35.71,40.99,17.2,33.06,8,2,High School,85,52.97,1
99,Female,Private,8.9,87.87,20.67,48.1,53.74,4.77,46.56,8,7,High School,22,60.99,1
100,Male,Government,6.75,63.76,54.69,31.95,23.19,17.61,92.28,14,5,Post Graduate,24,62.01,1
101,Male,Government,5.29,94.91,27.41,74.2,55.93,7.7,30.64,11,9,High School,119,51.75,1
102,Female,Private,9.85,71.98,79.87,59.85,66.21,14.73,44.1,14,4,Graduate,66,77.77,1
103,Female,Private,9.42,49.48,93.16,68.37,65.67,7.07,97.13,12,0,Graduate,85,71.01,1
104,Female,Government,9.64,81.75,54.72,42.23,46.59,18.21,72.94,11,8,High School,84,75.28,1
105,Female,Private,9.97,87.6,40.7,50.72,45.24,3.41,48.32,0,2,Graduate,44,60.49,1
106,Female,Private,5.87,59.01,54.75,76.47,28.53,4.39,34.69,2,2,Post Graduate,43,44.92,0
107,Female,Government,6.98,91.43,77.88,97.57,49.34,10.37,31.97,5,1,Post Graduate,56,62.33,1
108,Female,Private,8.79,94.37,20.72,33.53,27.96,2.56,47.13,7,3,High School,36,54.19,1
109,Female,Private,8.48,56.61,67.16,92.33,81.33,4.72,91.7,3,1,High School,112,63.78,1
110,Male,Government,5.77,99.01,69.06,70.38,97.3,18.93,59.11,4,8,Post Graduate,77,69.23,1
111,Female,Government,9.08,48.44,71.02,69.47,97.61,19.55,80.42,8,9,Graduate,31,80.94,1
112,Male,Government,6.12,52.12,39.36,65.02,89.21,8.15,94.28,5,6,High School,114,55.57,1
113,Female,Private,6.12,51.05,77.12,34.86,68.06,18.54,58.56,11,7,High School,56,63.64,1
114,Female,Government,7.68,93.64,27.31,36.29,76.07,11.35,43.39,6,2,Graduate,101,60.09,1
115,Male,Government,7.96,79.26,35.94,72.06,42.82,6.13,66.2,6,5,High School,67,58.18,1
116,Female,Government,7.9,49.13,90.2,53.87,70.46,14.35,93.57,3,9,Graduate,78,68.47,1
117,Male,Government,5.46,66.42,79.1,94.21,56.45,13.52,86.31,3,5,Graduate,67,59.77,1
118,Female,Government,9.39,76.92,21.1,58.46,58.56,19.79,34.61,3,0,Graduate,21,69.38,1
119,Female,Government,6.33,45.01,39.87,40.03,80.62,6.04,78.48,13,5,Graduate,117,53.52,1
120,Male,Private,5.65,92.94,37.15,80.03,42.55,13.77,70.03,14,2,Graduate,53,59.58,1
121,Female,Private,9.44,88.22,41.66,50.53,45.44,1.99,93.52,10,2,Post Graduate,104,62.08,1
122,Male,Government,9.78,70.31,39.8,66.78,93.97,3.16,38.57,4,2,Graduate,85,64.69,1
123,Female,Government,9.31,98.03,25.0,78.85,24.5,1.07,67.38,4,9,Post Graduate,86,58.54,1
124,Male,Government,9.05,65.07,56.72,93.02,58.85,19.99,91.56,7,9,Graduate,27,78.78,1
125,Male,Private,8.28,99.05,78.62,85.45,93.02,16.24,58.7,8,7,High School,102,78.58,1
126,Female,Private,7.75,80.08,68.54,77.35,68.83,15.95,63.74,1,4,Post Graduate,76,68.11,1
127,Female,Private,5.43,78.08,73.83,77.57,63.71,10.68,34.93,10,3,High School,17,58.89,1
128,Male,Private,7.04,49.96,26.49,96.21,39.98,6.7,49.47,6,8,Graduate,27,53.86,1
129,Female,Private,6.86,92.92,96.12,50.71,47.46,3.87,52.72,0,8,Graduate,61,56.45,1
130,Female,Private,6.3,65.65,87.08,30.08,88.16,6.41,96.16,0,0,High School,66,56.1,1
131,Female,Private,8.62,49.73,84.41,49.04,64.74,8.14,49.79,3,1,Graduate,58,62.05,1
132,Male,Private,7.48,40.76,85.84,45.25,61.18,15.37,62.26,9,7,High School,24,66.37,1
133,Male,Private,5.41,73.59,94.62,76.33,27.97,11.25,76.99,6,4,Graduate,90,55.56,1
134,Male,Government,6.1,71.64,63.54,74.36,21.28,2.47,41.35,1,6,Graduate,115,44.64,0
135,Male,Government,8.42,83.16,36.02,71.54,97.09,1.34,64.05,10,0,Post Graduate,56,63.55,1
136,Male,Government,5.38,93.42,69.34,31.14,50.16,2.94,81.7,1,9,High School,27,49.7,0
137,Male,Government,9.26,44.76,79.43,81.01,68.26,8.8,90.68,0,4,Graduate,109,66.8,1
138,Male,Private,7.48,83.89,79.03,52.65,26.38,18.73,73.84,9,2,High School,39,67.57,1
139,Male,Private,7.4,51.24,61.72,76.55,74.65,13.11,76.83,1,9,Post Graduate,71,64.11,1
140,Male,Government,7.96,91.49,25.48,68.96,94.61,16.23,38.84,12,1,High School,38,71.59,1
141,Female,Private,9.12,89.14,49.69,53.99,66.05,9.86,96.2,14,1,Post Graduate,37,72.54,1
142,Male,Government,6.74,72.45,93.66,39.42,30.09,7.87,39.28,6,8,High School,50,55.73,1
143,Female,Private,8.39,82.61,66.76,36.61,66.54,3.06,84.23,8,3,High School,85,61.72,1
144,Female,Government,7.83,58.86,63.07,88.21,81.31,17.64,48.54,5,3,Post Graduate,49,70.43,1
145,Female,Private,6.34,68.27,41.51,94.29,52.51,15.88,95.35,9,6,Graduate,23,64.71,1
146,Male,Private,9.39,89.3,49.48,75.49,90.39,4.19,80.4,1,9,Graduate,98,68.87,1
147,Male,Government,8.99,67.56,91.63,37.24,71.89,10.73,82.77,11,9,Graduate,91,72.93,1
148,Male,Private,8.29,61.47,73.32,58.14,91.94,10.26,45.33,14,1,High School,19,70.75,1
149,Male,Government,9.25,69.65,82.99,81.03,69.88,12.88,61.01,9,2,High School,82,74.4,1
150,Female,Government,9.34,89.69,56.35,84.59,30.5,18.98,73.25,14,2,Graduate,70,76.7,1
151,Male,Government,8.54,60.11,70.42,38.28,44.78,12.02,83.9,9,5,High School,43,66.06,1
152,Male,Government,9.19,50.43,39.87,30.0,36.14,11.26,37.28,12,2,High School,117,59.31,1
153,Male,Private,8.49,82.72,76.44,79.85,92.71,1.96,97.37,8,4,Graduate,22,70.4,1
154,Male,Private,8.4,89.56,54.21,54.96,80.83,2.2,92.32,6,3,Post Graduate,74,63.43,1
155,Male,Private,8.09,46.04,55.4,47.81,74.11,4.56,48.92,10,2,High School,63,58.31,1
156,Female,Government,8.76,54.39,71.95,30.9,44.08,1.62,87.59,0,7,High School,36,56.31,1
157,Male,Private,5.79,48.52,94.9,67.82,34.72,15.12,66.28,11,9,High School,25,61.46,1
158,Female,Government,9.4,60.88,25.12,89.58,80.52,14.74,62.33,8,2,High School,44,72.5,1
159,Male,Private,9.36,67.02,85.98,97.03,57.93,3.59,52.01,1,5,Post Graduate,96,65.27,1
160,Female,Private,5.15,84.93,43.39,69.6,38.06,16.89,70.67,3,6,Graduate,31,55.94,1
161,Male,Private,9.13,79.07,55.51,66.01,69.33,3.94,81.09,8,6,High School,6,68.32,1
162,Male,Government,5.64,77.26,21.75,35.95,23.23,6.72,58.77,3,1,Graduate,101,40.88,0
163,Female,Private,6.68,61.14,44.08,68.42,46.09,5.73,74.05,2,2,High School,84,50.3,1
164,Female,Private,8.72,90.49,60.21,56.6,57.48,8.07,78.95,0,9,Post Graduate,43,65.96,1
165,Female,Government,5.8,68.28,24.49,72.5,31.84,5.84,79.78,6,9,Graduate,90,47.88,0
166,Male,Private,9.09,98.75,59.29,57.21,98.77,10.29,33.64,14,3,Post Graduate,60,75.5,1
167,Female,Government,9.16,78.05,94.17,46.82,36.73,8.74,90.18,5,6,High School,111,67.05,1
168,Male,Private,7.54,47.58,28.43,36.65,30.43,19.74,62.08,9,1,Post Graduate,115,57.45,1
169,Male,Government,5.03,80.57,81.16,52.04,36.28,2.06,48.37,3,2,Post Graduate,17,45.43,0
170,Female,Government,6.44,59.51,52.77,36.77,81.52,3.7,46.92,5,6,High School,60,51.87,1
171,Female,Private,8.08,81.18,72.41,42.38,54.04,2.0,63.81,5,6,High School,70,58.23,1
172,Male,Government,9.91,44.18,40.82,99.11,65.23,12.89,92.08,12,9,Graduate,82,75.45,1
173,Male,Government,8.16,50.49,32.76,61.09,21.68,2.04,56.48,3,2,High School,60,48.01,0
174,Female,Government,6.3,91.34,32.84,67.23,22.75,16.89,82.48,13,0,Graduate,106,58.95,1
175,Female,Government,8.17,53.63,25.64,91.15,55.67,10.73,36.78,12,2,Post Graduate,109,60.78,1
176,Female,Government,7.7,90.22,34.85,99.69,85.33,11.01,63.32,5,4,Post Graduate,32,68.25,1
177,Male,Government,8.9,56.76,73.14,70.79,90.82,11.67,99.42,9,6,Graduate,68,74.89,1
178,Male,Private,5.53,78.57,90.54,86.87,26.94,4.25,83.93,10,3,High School,75,53.79,1
179,Male,Government,8.81,81.65,85.13,52.89,63.07,4.76,44.74,7,0,High School,86,63.84,1
180,Male,Government,7.71,70.76,74.81,51.4,93.06,7.06,65.1,12,5,Post Graduate,68,67.08,1
181,Male,Private,9.81,58.32,28.83,58.19,51.04,12.28,46.35,2,1,Graduate,60,63.43,1
182,Male,Private,6.71,52.76,43.13,77.08,86.37,4.99,58.67,3,2,Post Graduate,45,54.78,1
183,Female,Private,8.16,41.99,44.78,77.75,30.7,3.21,84.61,9,3,Post Graduate,104,53.98,1
184,Male,Private,9.66,58.24,40.0,52.07,94.83,19.43,83.99,12,5,High School,45,79.93,1
185,Male,Private,5.51,79.19,61.2,39.32,80.11,1.42,45.97,11,5,Graduate,104,50.41,1
186,Male,Private,9.69,96.3,62.84,74.27,95.31,16.25,94.56,13,6,Post Graduate,112,84.52,1
187,Female,Private,8.44,92.27,48.55,38.98,74.13,15.97,71.48,14,4,High School,8,74.53,1
188,Male,Government,5.34,85.96,48.3,70.49,49.07,6.65,56.59,0,6,Post Graduate,61,49.09,0
189,Male,Government,6.5,87.31,86.28,78.54,95.05,3.58,65.14,3,1,Post Graduate,34,61.52,1
190,Female,Private,8.54,79.9,83.14,79.04,42.05,3.77,72.35,10,0,High School,92,63.45,1
191,Male,Government,5.34,55.62,44.62,82.74,46.57,14.25,69.19,9,9,High School,88,55.64,1
192,Male,Government,7.91,94.43,93.1,91.1,76.06,13.21,64.05,9,7,Graduate,50,76.31,1
193,Male,Government,6.73,80.24,96.23,65.0,81.23,15.87,65.35,11,0,Post Graduate,60,70.61,1
194,Male,Private,8.1,73.63,46.14,81.12,94.35,18.81,42.35,13,1,Graduate,35,75.5,1
195,Male,Private,5.23,46.66,48.35,73.34,36.38,14.15,86.89,8,9,High School,92,53.25,1
196,Female,Government,9.36,66.82,60.45,43.06,83.84,3.96,67.92,7,5,High School,11,67.29,1
197,Female,Private,9.87,67.62,95.29,31.8,79.08,5.63,39.18,10,0,Post Graduate,94,68.97,1
198,Female,Government,9.84,91.87,90.11,49.92,25.1,17.0,83.63,3,9,Graduate,81,75.27,1
199,Male,Government,8.75,72.8,28.21,61.01,50.98,4.98,95.27,11,2,Graduate,58,61.82,1
200,Male,Government,5.65,62.82,51.42,73.2,42.62,2.38,96.31,6,6,Post Graduate,12,50.04,1
201,Male,Government,8.79,98.61,64.27,89.5,44.36,14.36,55.83,9,7,Post Graduate,59,73.77,1
202,Female,Private,5.12,46.64,60.25,43.74,98.64,8.65,39.49,2,3,Graduate,73,49.97,0
203,Male,Private,5.11,65.35,35.51,38.79,71.42,18.48,66.29,8,2,High School,48,56.4,1
204,Male,Private,6.62,42.52,88.71,97.44,77.41,13.35,37.88,9,0,High School,17,65.15,1
205,Female,Government,7.44,84.39,74.16,37.56,98.13,2.72,95.38,3,8,Post Graduate,97,62.07,1
206,Male,Private,8.85,95.08,87.03,63.49,50.18,19.01,42.85,1,9,Graduate,24,75.54,1
207,Female,Government,8.42,56.8,88.7,70.99,84.15,5.91,47.69,9,5,Graduate,82,66.99,1
208,Female,Private,7.23,91.5,79.87,67.9,54.76,7.41,58.46,4,5,Graduate,36,62.2,1
209,Female,Government,6.37,57.53,55.14,36.02,89.56,8.64,56.82,1,8,High School,64,55.24,1
210,Male,Government,9.99,94.65,68.84,33.99,34.45,1.97,85.63,13,0,High School,54,66.16,1
211,Male,Government,7.13,85.24,32.83,37.38,95.81,10.43,61.94,9,5,Graduate,31,63.73,1
212,Male,Private,7.26,88.29,73.89,70.99,37.5,3.34,41.95,5,4,Graduate,29,56.5,1
213,Male,Private,5.82,41.08,34.34,68.1,46.1,8.62,48.7,10,5,Post Graduate,56,49.49,0
214,Male,Private,8.97,97.77,75.52,46.36,80.5,7.66,65.64,9,7,Post Graduate,72,72.11,1
215,Male,Private,8.47,83.6,38.37,74.64,51.5,15.68,40.32,0,4,Graduate,25,65.69,1
216,Male,Government,6.1,58.29,29.4,87.4,68.66,16.26,72.82,13,1,Graduate,22,62.77,1
217,Female,Private,5.41,89.76,33.22,32.91,55.57,3.91,69.6,5,1,High School,43,46.31,0
218,Male,Private,8.4,56.89,20.16,64.87,79.39,7.96,80.03,3,9,Graduate,19,62.76,1
219,Female,Government,8.27,92.37,77.5,78.25,38.27,8.09,95.64,2,4,Post Graduate,57,65.4,1
220,Male,Government,6.37,46.75,78.59,47.66,24.68,3.88,93.86,1,2,High School,42,47.39,0
221,Male,Government,9.75,82.22,61.19,51.54,43.99,16.17,96.23,6,9,Post Graduate,52,75.45,1
222,Male,Private,5.76,72.44,32.91,72.95,57.94,14.44,47.13,8,2,Post Graduate,56,56.16,1
223,Female,Government,7.16,45.79,26.68,92.86,33.44,4.62,39.21,11,7,High School,92,51.19,1
224,Female,Government,9.72,54.51,21.53,86.69,48.38,7.97,51.16,2,6,Post Graduate,76,61.79,1
225,Female,Government,7.1,40.74,33.26,70.82,52.0,3.01,92.66,5,0,Graduate,32,50.64,1
226,Female,Private,8.19,68.13,91.27,81.12,24.59,12.94,98.04,8,4,Post Graduate,89,67.67,1
227,Male,Government,6.99,58.08,39.32,55.54,66.66,3.31,90.15,1,8,High School,20,53.72,1
228,Female,Private,6.37,75.9,48.34,74.87,90.75,19.73,37.7,6,3,High School,20,67.45,1
229,Male,Private,9.92,57.83,28.43,62.63,32.14,15.83,96.32,4,0,High School,39,67.58,1
230,Male,Government,7.05,58.0,37.79,43.3,67.82,8.41,59.64,4,7,Post Graduate,21,56.02,1
231,Female,Government,9.47,84.59,61.54,79.12,73.18,11.99,30.65,10,4,Graduate,77,73.8,1
232,Female,Private,6.15,42.89,68.62,68.95,53.55,18.32,60.97,6,1,High School,103,58.62,1
233,Female,Government,6.07,94.17,39.63,55.1,76.09,11.53,33.22,8,0,Graduate,56,57.65,1
234,Female,Government,5.16,91.14,24.62,93.79,52.86,4.32,68.07,3,2,High School,97,47.07,0
235,Female,Private,8.26,80.07,51.28,31.47,60.37,8.2,53.7,8,8,Graduate,107,61.31,1
236,Female,Private,6.84,75.59,38.74,52.1,20.59,17.02,63.14,14,0,Graduate,86,58.77,1
237,Female,Government,9.32,93.54,37.56,33.98,75.34,13.24,72.92,13,3,Graduate,16,74.07,1
238,Female,Private,7.37,51.12,96.79,83.66,72.91,13.36,90.82,12,7,High School,87,71.45,1
239,Male,Government,9.84,44.74,69.3,79.15,23.07,17.47,76.33,10,7,Post Graduate,52,73.59,1
240,Female,Government,5.93,54.37,64.55,53.19,49.46,17.99,60.38,9,9,Post Graduate,26,61.36,1
241,Female,Government,9.34,87.67,53.26,77.3,98.32,18.48,87.36,8,7,Post Graduate,53,83.08,1
242,Male,Private,8.88,42.08,54.32,57.72,53.66,2.8,93.39,12,9,Graduate,56,62.38,1
243,Female,Government,8.85,74.97,63.27,82.94,60.16,11.34,38.38,3,7,High School,83,67.51,1
244,Male,Government,9.22,99.73,75.71,61.79,92.79,15.07,67.24,2,3,Graduate,5,78.86,1
245,Male,Government,8.81,91.34,76.17,58.86,77.38,15.38,49.92,1,7,High School,70,73.19,1
246,Female,Private,8.13,71.29,33.74,95.43,66.57,12.53,33.29,8,8,Graduate,68,66.42,1
247,Male,Private,5.66,43.82,60.01,47.56,83.82,4.17,76.8,11,6,High School,12,54.21,1
248,Male,Private,5.16,89.88,52.96,38.43,89.15,16.15,90.39,1,1,High School,90,58.17,1
249,Male,Private,9.6,75.94,89.64,70.92,56.55,14.68,41.4,5,8,High School,29,76.09,1
250,Male,Private,8.08,46.9,70.51,97.85,58.01,2.64,86.87,4,7,Graduate,70,60.52,1
251,Female,Government,8.98,45.63,62.6,56.45,50.88,9.81,89.74,13,4,Post Graduate,119,65.82,1
252,Male,Private,7.41,94.58,29.23,34.34,97.34,4.31,94.0,4,2,Graduate,77,58.97,1
253,Female,Private,5.59,80.15,68.45,53.75,75.77,7.41,48.57,3,6,Graduate,77,54.08,1
254,Male,Private,5.63,89.76,29.38,65.42,26.66,1.34,93.28,5,1,High School,81,44.15,0
255,Male,Government,8.43,92.74,46.98,41.33,89.04,8.61,52.45,4,2,High School,74,64.77,1
256,Male,Private,7.15,74.31,31.43,76.07,58.44,11.45,68.66,10,8,Post Graduate,98,61.6,1
257,Male,Private,6.0,71.05,75.37,99.84,25.5,12.77,33.54,3,3,Post Graduate,83,54.95,1
258,Female,Government,7.46,65.83,36.5,61.62,63.98,13.61,33.07,12,3,High School,55,62.48,1
259,Female,Private,5.32,59.02,51.35,54.83,53.37,16.89,80.43,8,2,Post Graduate,57,56.42,1
260,Male,Government,7.91,66.08,91.65,58.05,90.22,5.09,61.11,12,4,Post Graduate,19,68.4,1
261,Male,Government,6.34,86.43,36.35,38.06,36.32,3.29,47.94,5,2,High School,54,46.41,0
262,Female,Government,8.99,76.12,60.62,91.83,86.12,17.18,43.33,10,8,Graduate,75,78.6,1
263,Male,Government,6.55,93.55,53.54,59.04,64.62,3.98,76.9,9,2,Post Graduate,79,56.7,1
264,Male,Government,7.28,66.6,21.45,57.11,24.37,19.52,30.03,9,1,High School,108,56.86,1
265,Male,Private,5.06,76.43,83.42,76.18,97.75,17.01,86.41,12,4,Post Graduate,42,69.08,1
266,Female,Government,5.36,77.88,25.52,60.94,61.01,10.52,35.55,9,5,Post Graduate,44,52.18,1
267,Female,Government,6.96,75.5,57.94,75.38,43.27,19.65,43.4,12,0,High School,70,65.64,1
268,Female,Private,7.4,82.16,64.85,34.3,57.55,2.85,57.04,2,5,Post Graduate,119,52.85,1
269,Male,Government,8.0,54.25,70.27,86.96,88.63,6.76,63.94,9,9,Post Graduate,116,66.61,1
270,Male,Private,6.46,70.74,75.09,95.84,44.39,13.13,54.85,5,2,Post Graduate,43,61.07,1
271,Female,Private,8.47,46.25,40.26,75.41,35.41,7.65,52.45,13,3,Graduate,78,59.07,1
272,Female,Private,9.3,63.07,20.8,96.82,30.33,18.64,97.47,0,5,Graduate,112,67.22,1
273,Female,Government,8.9,69.26,77.88,40.6,43.83,2.25,74.91,4,7,Post Graduate,21,61.0,1
274,Female,Government,5.2,79.13,62.85,63.42,82.4,11.44,31.64,9,8,High School,11,59.58,1
275,Male,Government,7.4,97.03,86.89,72.13,57.73,12.23,60.11,5,5,Post Graduate,108,66.68,1
276,Female,Private,5.52,76.04,85.71,70.72,38.2,13.4,91.25,14,6,Post Graduate,43,62.7,1
277,Male,Government,6.21,84.62,87.47,58.1,33.29,5.86,51.1,10,4,Graduate,72,55.2,1
278,Female,Government,9.93,70.38,58.81,53.67,46.62,7.93,36.62,7,8,Graduate,39,67.36,1
279,Male,Government,5.71,78.05,46.69,38.88,95.19,17.03,83.09,10,3,Graduate,55,64.03,1
280,Female,Private,7.49,44.26,83.32,57.42,47.44,4.7,72.42,14,9,Post Graduate,51,60.61,1
281,Female,Private,8.09,55.26,56.1,41.39,99.05,16.71,69.92,14,5,Post Graduate,40,73.51,1
282,Female,Government,8.51,61.71,34.68,81.41,58.82,11.69,33.75,8,4,High School,68,63.72,1
283,Female,Government,7.8,68.35,88.4,44.62,34.33,15.48,39.83,10,0,Post Graduate,99,63.31,1
284,Male,Government,5.05,42.74,90.6,34.1,91.29,14.56,73.58,2,4,Post Graduate,93,55.98,1
285,Female,Government,6.63,48.4,57.3,68.67,56.83,4.94,44.55,1,4,Graduate,109,49.05,0
286,Male,Private,7.59,56.61,26.06,71.67,76.77,11.81,65.28,12,8,Graduate,17,65.54,1
287,Male,Private,5.44,98.29,51.03,91.03,98.7,17.49,68.14,3,0,Graduate,22,66.39,1
288,Male,Private,6.75,59.88,84.28,70.39,24.01,9.21,49.85,7,4,Graduate,25,56.61,1
289,Male,Private,5.17,68.92,92.14,54.18,27.74,19.37,96.39,10,6,Graduate,116,60.24,1
290,Female,Government,5.39,51.77,36.28,86.21,77.64,9.59,88.97,7,5,High School,69,55.0,1
291,Male,Government,6.98,76.65,25.36,67.82,42.55,3.71,80.57,2,5,High School,104,49.81,0
292,Male,Government,5.66,56.84,90.19,35.55,34.74,8.4,35.46,3,6,High School,118,47.43,0
293,Male,Private,7.84,52.42,51.15,69.61,23.15,19.08,37.43,2,5,Graduate,12,61.6,1
294,Female,Government,8.45,70.99,63.34,93.56,21.75,7.07,64.49,9,4,Graduate,52,62.54,1
295,Female,Private,9.0,40.33,97.45,57.74,81.96,17.49,41.25,1,9,Graduate,89,72.69,1
296,Female,Private,6.0,40.46,25.33,50.74,30.75,17.74,98.48,3,4,High School,47,52.26,1
297,Female,Government,5.84,53.14,71.87,40.04,57.42,7.65,41.1,5,8,Graduate,57,51.28,1
298,Male,Government,5.52,42.2,25.93,40.6,68.47,2.58,64.12,10,7,High School,89,44.69,0
299,Male,Government,8.18,46.48,50.04,60.29,54.27,14.77,55.49,13,9,Graduate,31,67.46,1
300,Female,Private,8.53,60.33,84.31,71.7,22.17,6.92,74.76,10,3,Post Graduate,23,63.49,1
301,Male,Government,5.16,88.16,54.68,35.64,82.68,15.88,39.03,4,3,High School,27,57.7,1
302,Male,Private,9.68,74.32,99.77,95.77,20.84,9.41,60.12,2,9,Post Graduate,119,69.14,1
303,Male,Government,5.26,70.76,64.72,82.86,80.95,10.22,49.23,1,4,High School,54,55.54,1
304,Female,Private,7.71,57.61,45.69,71.06,91.46,15.78,92.14,8,2,Graduate,55,69.73,1
305,Female,Private,8.55,95.91,37.61,87.99,54.63,8.26,32.84,14,7,Graduate,47,68.17,1
306,Male,Government,9.35,63.82,48.04,35.61,62.84,9.42,93.96,0,6,Post Graduate,103,63.45,1
307,Female,Private,8.57,45.23,49.8,63.38,58.16,8.15,88.31,8,4,Graduate,108,61.67,1
308,Female,Private,9.01,77.02,25.5,74.11,51.14,7.98,50.83,0,9,High School,55,61.49,1
309,Female,Government,6.7,46.83,49.57,88.01,90.99,10.99,85.25,14,2,Graduate,110,63.88,1
310,Female,Private,9.07,60.71,57.14,84.84,91.51,16.37,32.18,13,4,Graduate,116,75.5,1
311,Female,Government,5.4,70.44,77.82,49.39,46.87,7.87,97.68,6,2,High School,73,52.59,1
312,Male,Private,9.47,92.45,72.54,95.86,69.21,10.96,66.86,5,9,Post Graduate,45,77.19,1
313,Female,Government,7.74,69.61,76.7,38.7,94.15,13.74,51.23,6,4,Post Graduate,76,67.84,1
314,Male,Government,9.09,82.14,20.67,91.26,96.96,6.12,55.38,14,0,Graduate,15,71.08,1
315,Male,Private,7.26,99.57,37.41,97.97,60.72,6.27,34.65,2,5,High School,84,58.24,1
316,Female,Private,8.22,47.89,72.93,42.4,56.23,18.73,99.25,13,9,Post Graduate,107,71.78,1
317,Male,Private,7.63,56.48,58.72,80.54,42.3,14.75,32.75,2,3,Post Graduate,115,58.86,1
318,Male,Private,8.66,63.67,20.43,32.82,96.71,11.97,75.84,12,3,Graduate,92,66.93,1
319,Male,Private,5.41,65.31,84.36,58.38,31.43,13.31,60.99,10,7,High School,89,55.88,1
320,Female,Government,5.3,64.66,81.82,66.14,66.39,1.56,96.42,0,1,Post Graduate,56,49.04,0
321,Female,Private,6.24,94.46,63.87,70.65,42.6,12.74,47.22,3,3,Graduate,27,58.73,1
322,Male,Government,5.8,82.84,25.32,95.52,42.32,10.68,67.25,11,1,Graduate,53,55.61,1
323,Female,Government,9.36,76.47,81.32,77.06,52.4,11.37,63.76,1,0,Graduate,42,69.65,1
324,Female,Private,6.1,58.56,66.7,63.69,99.9,7.83,79.2,9,9,Graduate,51,62.36,1
325,Female,Government,9.88,89.43,82.56,86.68,24.4,2.55,34.76,7,2,Post Graduate,76,64.84,1
326,Female,Government,6.68,97.3,80.14,96.54,66.28,4.67,43.57,2,7,High School,11,61.77,1
327,Male,Government,5.91,89.27,84.24,31.54,26.61,19.06,45.02,6,5,Graduate,70,59.21,1
328,Male,Government,8.95,40.09,61.44,98.78,32.36,8.77,81.67,6,6,Graduate,98,63.2,1
329,Female,Private,8.29,78.18,31.23,36.03,55.17,9.87,43.24,11,1,Post Graduate,81,59.9,1
330,Female,Government,7.49,43.07,73.69,87.01,60.84,2.0,70.14,8,5,Graduate,66,57.79,1
331,Male,Private,7.78,55.46,69.64,49.62,40.7,1.71,45.07,5,7,Graduate,91,52.23,1
332,Male,Private,8.6,43.57,79.38,39.25,45.32,14.63,90.31,0,7,High School,33,65.2,1
333,Female,Government,6.14,76.23,33.59,60.79,26.96,11.22,95.95,7,3,Graduate,42,53.8,1
334,Male,Private,9.98,81.2,35.6,75.08,44.26,10.67,66.29,0,5,Post Graduate,105,66.1,1
335,Female,Private,9.87,46.87,91.23,56.67,97.32,5.62,54.66,2,4,High School,88,69.32,1
336,Female,Private,8.25,63.03,80.0,33.82,95.58,15.15,46.38,10,8,Post Graduate,37,73.22,1
337,Male,Government,6.0,67.37,92.66,71.96,46.79,4.2,33.48,4,7,High School,33,53.27,1
338,Male,Private,8.4,62.14,80.7,93.17,65.67,4.61,48.8,7,1,High School,118,62.8,1
339,Female,Private,5.36,47.26,67.77,56.83,92.77,9.75,75.8,8,6,Graduate,83,56.84,1
340,Female,Private,5.15,65.14,72.33,45.14,20.49,6.44,67.35,14,6,Graduate,27,49.92,0
341,Male,Government,6.29,85.07,91.13,60.98,84.85,5.7,96.08,6,0,Graduate,110,60.63,1
342,Female,Private,7.31,44.26,66.3,33.39,95.87,13.26,57.74,8,0,Post Graduate,7,64.22,1
343,Male,Government,9.34,44.81,70.59,87.43,27.31,13.37,78.57,10,3,Graduate,105,68.14,1
344,Female,Government,8.64,61.29,32.52,87.84,32.92,16.67,64.25,2,4,Graduate,97,63.39,1
345,Male,Government,8.71,96.5,57.91,71.16,96.86,8.94,65.88,12,3,High School,49,74.59,1
346,Male,Government,7.13,80.11,77.31,54.72,63.0,2.39,48.74,4,6,Graduate,12,57.52,1
347,Male,Government,6.73,80.72,41.68,85.98,21.14,6.2,61.85,9,2,Graduate,90,52.58,1
348,Female,Government,6.86,61.72,36.18,68.83,40.61,19.62,62.95,7,6,Graduate,33,62.55,1
349,Female,Private,9.94,75.62,45.11,87.82,56.0,12.33,79.46,11,7,Graduate,6,76.95,1
350,Male,Government,5.2,40.61,39.32,74.2,75.43,14.49,95.84,0,5,High School,109,52.7,1
351,Female,Private,9.34,78.17,37.19,84.91,78.65,1.14,53.05,7,5,Graduate,117,63.39,1
352,Male,Private,7.89,94.8,53.99,71.9,99.63,10.85,32.95,6,7,High School,54,69.88,1
353,Male,Government,7.19,76.75,92.63,58.99,43.0,1.71,64.74,0,7,Post Graduate,113,53.58,1
354,Female,Private,8.63,92.42,60.56,97.06,63.06,11.82,68.11,12,6,Graduate,69,74.39,1
355,Female,Private,7.43,83.44,35.03,67.88,62.67,18.49,41.79,12,5,Graduate,112,67.0,1
356,Male,Private,9.37,47.23,26.16,72.36,52.45,19.4,83.23,9,5,Graduate,24,72.51,1
357,Female,Private,9.5,94.15,75.69,45.43,33.53,11.27,98.95,11,9,High School,56,73.85,1
358,Female,Government,7.11,43.99,50.62,73.8,98.2,9.71,96.2,9,5,Graduate,89,64.03,1
359,Male,Private,6.38,72.04,85.75,70.01,88.27,18.96,43.8,14,7,Graduate,41,73.02,1
360,Male,Government,7.96,48.53,72.76,42.94,59.87,13.8,91.28,11,0,Post Graduate,76,65.53,1
361,Female,Private,9.56,40.7,83.7,34.17,68.26,2.23,79.31,5,4,High School,31,63.31,1
362,Male,Private,6.05,65.32,41.76,72.31,38.18,9.85,61.77,0,2,High School,51,49.82,0
363,Male,Government,8.11,57.7,75.39,83.46,63.5,5.56,67.84,1,7,Post Graduate,103,60.98,1
364,Female,Private,8.16,69.16,41.12,66.64,75.6,9.93,89.47,4,5,High School,10,66.03,1
365,Male,Private,8.67,74.63,95.13,45.87,61.21,9.65,63.61,1,1,Graduate,64,65.65,1
366,Male,Private,5.66,42.62,70.91,76.66,99.22,12.06,56.12,13,6,Graduate,49,63.16,1
367,Female,Government,8.58,47.38,45.96,35.61,68.91,7.78,64.53,9,6,Post Graduate,48,61.73,1
368,Female,Private,9.55,73.52,41.56,60.93,49.68,4.12,70.54,0,4,High School,87,59.94,1
369,Male,Government,5.9,60.59,35.27,41.44,81.77,10.57,43.24,5,7,High School,22,54.37,1
370,Male,Private,6.19,83.75,75.57,42.91,33.64,16.77,93.06,7,4,High School,69,61.29,1
371,Female,Government,9.86,79.14,37.5,44.16,50.76,13.62,77.19,7,0,Post Graduate,29,69.92,1
372,Female,Government,5.9,90.74,67.62,57.07,47.76,7.43,74.33,12,8,Graduate,31,59.09,1
373,Female,Private,9.27,81.55,41.17,33.58,54.54,18.77,36.96,12,3,Post Graduate,11,72.63,1
374,Female,Private,7.46,65.8,72.96,57.85,82.54,18.33,72.29,7,1,Graduate,48,70.53,1
375,Male,Government,6.24,80.38,85.2,65.82,58.73,4.98,38.47,10,3,Post Graduate,110,55.87,1
376,Female,Government,9.35,56.52,82.24,63.83,83.52,1.75,35.51,5,8,Graduate,33,66.15,1
377,Female,Private,7.23,58.38,80.87,56.79,66.12,15.08,66.91,10,1,High School,99,65.27,1
378,Male,Government,7.57,87.34,35.02,88.74,47.37,16.72,58.19,2,3,High School,48,64.45,1
379,Female,Private,6.8,66.79,27.07,40.17,84.8,19.39,71.22,0,1,High School,111,59.8,1
380,Male,Private,7.96,87.9,75.92,65.4,39.06,17.91,36.25,1,4,Post Graduate,40,66.96,1
381,Female,Private,5.82,89.35,49.47,34.34,37.95,12.41,60.17,4,2,Post Graduate,23,53.02,1
382,Female,Private,6.96,91.45,54.59,34.98,60.36,11.07,42.24,12,9,Post Graduate,10,63.48,1
383,Female,Government,9.85,95.0,22.49,70.17,40.87,1.53,99.1,9,1,High School,29,64.32,1
384,Male,Private,6.29,65.86,40.77,69.62,20.73,5.69,69.28,4,8,Graduate,35,49.17,0
385,Male,Government,8.28,59.13,22.69,91.46,71.86,9.73,78.12,9,4,High School,13,66.02,1
386,Female,Private,6.63,74.93,90.33,69.05,60.89,12.94,52.78,13,9,High School,88,66.75,1
387,Male,Government,8.87,62.27,39.47,97.19,55.64,11.59,36.63,0,4,Graduate,78,63.16,1
388,Male,Private,5.65,76.06,64.59,33.41,97.36,15.11,98.31,0,0,Graduate,41,60.51,1
389,Male,Government,9.85,82.34,23.12,36.86,65.7,6.32,50.04,14,5,Graduate,31,67.49,1
390,Male,Government,7.27,81.3,73.35,33.08,89.07,11.73,59.67,8,6,Graduate,17,67.47,1
391,Male,Private,6.18,62.47,45.84,42.97,31.16,2.67,75.49,1,0,High School,45,43.38,0
392,Male,Private,5.37,50.01,91.83,67.89,65.54,8.86,31.73,6,8,Post Graduate,70,54.39,1
393,Female,Private,5.85,65.83,91.05,75.19,89.44,15.25,86.72,9,7,High School,118,67.35,1
394,Female,Private,7.6,48.56,46.02,33.19,66.65,14.17,67.56,3,7,Graduate,89,59.46,1
395,Male,Government,6.69,93.41,92.08,96.22,77.44,19.82,49.48,6,6,Post Graduate,101,73.56,1
396,Female,Private,9.14,60.75,99.69,88.95,49.76,6.28,34.31,7,4,Post Graduate,28,68.2,1
397,Female,Government,7.15,49.27,86.03,50.76,27.4,10.47,41.37,4,2,High School,48,54.71,1
398,Female,Government,6.24,41.53,87.59,35.4,56.63,7.26,92.65,12,8,High School,110,56.12,1
399,Female,Private,8.09,78.75,39.92,41.89,51.56,9.37,78.02,11,6,High School,102,61.9,1
400,Male,Government,8.53,78.21,66.14,38.89,89.36,17.28,47.49,11,9,Post Graduate,64,75.48,1
401,Female,Government,5.84,60.44,25.38,38.63,39.52,14.0,34.59,0,9,Post Graduate,13,49.03,0
402,Female,Government,5.84,44.3,27.59,66.3,97.34,17.77,78.34,3,7,Post Graduate,6,61.58,1
403,Male,Government,5.18,64.58,99.91,47.21,96.65,4.87,70.07,9,5,Graduate,60,57.54,1
404,Male,Private,8.68,58.67,46.13,55.07,39.81,17.59,58.32,2,4,Graduate,34,64.88,1
405,Female,Private,8.32,80.63,79.85,99.27,47.84,2.14,55.45,9,7,High School,26,65.3,1
406,Female,Private,7.37,76.35,84.53,77.9,91.64,17.88,45.18,14,2,Post Graduate,114,74.35,1
407,Female,Private,9.22,61.88,88.64,96.43,97.33,7.25,76.87,11,6,High School,79,76.85,1
408,Female,Government,9.03,53.07,99.81,39.98,55.48,6.98,97.95,4,1,Post Graduate,111,64.14,1
409,Female,Government,7.93,99.28,39.32,56.75,45.68,10.73,42.3,9,2,High School,85,61.53,1
410,Female,Private,9.34,67.24,23.23,68.83,62.09,18.87,71.8,12,1,Graduate,104,72.29,1
411,Male,Private,6.03,81.3,52.9,35.37,75.02,1.91,59.69,9,4,Post Graduate,17,52.87,1
412,Female,Private,5.56,48.43,30.41,30.29,41.88,7.69,61.27,12,6,Graduate,75,46.26,0
413,Female,Government,6.35,69.14,21.79,76.93,78.92,17.27,47.79,5,9,Post Graduate,20,62.93,1
414,Male,Private,5.29,41.65,48.83,74.93,24.13,8.53,87.76,1,9,High School,101,45.23,0
415,Male,Private,7.66,70.33,82.7,58.76,23.94,4.78,63.97,6,0,Post Graduate,49,55.73,1
416,Male,Private,9.68,97.84,65.29,64.28,50.9,9.07,68.04,12,9,Graduate,69,74.31,1
417,Male,Government,5.2,63.05,45.02,59.08,48.28,8.33,51.33,2,8,Post Graduate,15,48.47,0
418,Female,Government,5.61,42.34,72.35,31.68,45.25,18.39,42.73,14,0,High School,74,56.02,1
419,Female,Government,7.26,41.86,38.56,53.48,59.28,15.48,36.01,0,0,Post Graduate,24,55.74,1
420,Female,Government,9.67,63.28,21.15,42.4,45.66,10.6,79.99,9,9,Graduate,103,64.76,1
421,Female,Government,6.58,49.6,81.15,36.89,35.38,19.78,43.74,2,7,High School,112,57.6,1
422,Female,Government,7.54,41.4,69.9,96.97,44.76,9.84,78.31,8,5,Graduate,67,62.03,1
423,Female,Government,5.21,85.37,80.98,71.96,97.99,2.11,57.33,9,5,Post Graduate,105,56.18,1
424,Male,Government,5.74,67.51,23.12,81.01,52.89,5.98,59.1,10,8,Graduate,109,50.39,1
425,Female,Private,9.93,57.35,86.97,52.08,55.58,9.29,62.84,10,3,Post Graduate,94,70.47,1
426,Male,Private,9.83,94.0,69.56,57.52,66.12,3.98,55.74,14,7,High School,16,73.62,1
427,Male,Government,5.02,46.97,65.07,46.58,98.67,19.0,37.04,5,3,Graduate,66,58.47,1
428,Female,Government,9.76,97.36,69.97,36.79,39.33,15.57,51.67,10,1,Graduate,98,72.28,1
429,Male,Private,8.2,58.84,89.15,42.53,74.5,6.1,76.46,5,7,Post Graduate,96,63.5,1
430,Female,Government,9.34,93.3,66.95,85.83,77.28,12.23,76.6,3,6,Graduate,95,75.28,1
431,Male,Government,7.27,76.18,66.48,77.43,68.59,14.71,50.04,14,3,Graduate,46,69.51,1
432,Female,Government,7.58,89.6,99.25,68.29,27.09,18.88,62.21,7,8,High School,87,70.55,1
433,Male,Private,7.44,99.04,80.54,63.26,74.15,17.75,43.54,4,8,Post Graduate,73,71.81,1
434,Female,Private,8.33,57.3,55.38,94.57,25.13,10.79,44.73,6,7,Post Graduate,62,61.59,1
435,Female,Private,5.7,97.67,76.59,35.09,67.69,15.72,31.61,8,0,High School,9,61.51,1
436,Female,Private,5.15,63.37,51.14,49.64,79.17,11.68,92.77,12,6,High School,109,56.95,1
437,Female,Private,6.54,63.13,38.31,54.5,36.88,11.5,44.75,12,4,Post Graduate,31,55.35,1
438,Female,Government,8.52,60.42,67.75,84.77,87.33,3.18,45.93,13,6,High School,32,67.96,1
439,Male,Private,6.01,72.48,94.25,99.48,22.43,3.4,49.57,4,8,High School,30,53.51,1
440,Male,Government,8.37,49.25,94.33,46.85,87.51,11.06,38.92,10,1,High School,95,67.64,1
441,Male,Government,9.85,73.22,47.35,91.2,56.83,6.11,74.75,13,3,Post Graduate,53,71.22,1
442,Female,Private,5.47,72.5,62.21,88.14,37.41,1.4,35.26,4,3,High School,110,44.59,0
443,Male,Private,8.36,85.71,36.93,45.73,30.7,14.73,39.39,13,1,Graduate,25,64.38,1
444,Female,Government,7.22,90.02,99.65,57.95,96.26,1.62,75.13,3,2,Graduate,5,64.34,1
445,Female,Government,9.34,66.43,98.49,58.68,25.81,12.31,53.78,5,7,Post Graduate,96,67.96,1
446,Male,Government,5.89,58.14,71.96,98.48,35.93,11.24,79.56,1,8,High School,116,54.87,1
447,Male,Private,8.46,55.56,84.35,42.66,47.83,19.41,69.02,2,5,Graduate,62,68.65,1
448,Female,Private,9.19,51.68,77.21,85.94,69.62,10.2,47.92,0,9,Post Graduate,83,68.2,1
449,Male,Private,9.72,43.46,67.45,53.39,63.58,2.21,75.56,1,1,Graduate,59,60.48,1
450,Female,Private,8.42,60.55,24.27,81.16,30.05,11.48,38.14,1,1,High School,85,55.5,1
451,Female,Private,7.49,56.21,56.38,59.4,43.18,16.98,67.55,7,6,Post Graduate,30,64.3,1
452,Female,Government,8.09,97.99,73.98,70.49,39.1,19.94,60.6,7,7,Graduate,88,72.79,1
453,Female,Private,9.34,73.46,74.2,88.28,37.08,9.18,48.75,1,7,Post Graduate,29,67.39,1
454,Female,Government,7.85,60.84,49.85,86.29,52.89,7.09,72.28,12,5,Graduate,81,62.28,1
455,Male,Government,5.15,74.83,95.34,90.65,76.32,18.23,90.99,13,9,Graduate,37,71.55,1
456,Male,Government,9.65,48.35,33.39,34.17,37.4,4.63,99.92,5,7,High School,93,58.1,1
457,Female,Private,8.45,66.64,60.03,78.44,49.33,12.69,72.54,14,0,High School,76,68.51,1
458,Female,Private,8.38,77.57,75.27,39.8,51.27,8.71,58.33,4,8,Graduate,73,63.11,1
459,Male,Private,6.08,69.33,75.77,59.11,98.12,1.78,45.76,2,0,Post Graduate,10,54.27,1
460,Male,Government,8.29,64.11,71.89,68.4,96.37,7.6,48.0,4,2,Post Graduate,27,66.78,1
461,Female,Government,6.97,99.63,42.02,58.19,84.01,6.04,63.56,4,8,High School,34,61.24,1
462,Male,Government,8.26,92.82,32.5,66.37,39.33,14.04,55.71,4,4,Graduate,82,63.03,1
463,Female,Government,5.53,77.4,70.88,99.76,25.44,19.03,93.97,2,8,High School,58,61.76,1
464,Male,Government,8.29,74.16,67.94,39.47,45.35,6.09,55.78,14,8,Graduate,91,62.44,1
465,Female,Government,10.0,77.24,34.35,77.28,41.34,16.42,56.14,2,5,Graduate,15,71.74,1
466,Male,Private,5.24,52.08,76.41,57.72,60.47,2.05,56.85,3,0,High School,35,45.82,0
467,Female,Private,9.89,63.71,56.41,39.31,82.22,11.22,88.56,6,9,Post Graduate,10,74.58,1
468,Male,Private,7.03,42.37,73.42,41.11,88.67,2.34,75.56,11,6,High School,15,59.02,1
469,Male,Private,9.35,68.53,86.99,96.45,87.59,18.75,72.99,11,5,Graduate,81,84.06,1
470,Female,Government,8.91,72.58,33.58,91.57,48.77,15.56,53.39,11,8,High School,16,72.33,1
471,Male,Government,7.84,53.66,21.53,93.49,74.98,13.5,87.25,13,6,Post Graduate,70,67.91,1
472,Female,Private,8.69,97.84,82.33,99.41,45.03,16.65,32.69,1,3,Post Graduate,57,72.46,1
473,Male,Government,9.39,94.57,68.78,44.58,24.87,13.3,90.96,9,6,Graduate,103,70.36,1
474,Female,Private,7.02,83.33,75.97,54.88,76.13,19.41,65.89,3,1,High School,40,69.04,1
475,Male,Private,6.64,72.0,87.05,76.85,20.79,14.57,57.88,3,5,Post Graduate,21,60.52,1
476,Female,Private,8.34,92.2,84.22,63.87,52.73,18.57,64.8,0,5,High School,32,72.73,1
477,Male,Government,9.04,47.84,96.87,59.29,46.35,10.83,76.72,9,1,Post Graduate,96,67.53,1
478,Female,Private,8.81,87.43,62.87,55.05,75.47,3.22,30.89,7,3,Graduate,26,64.27,1
479,Male,Private,8.99,47.49,59.08,71.56,81.3,11.04,91.01,0,7,Graduate,106,67.34,1
480,Female,Private,7.18,87.65,52.15,70.29,44.33,3.41,61.27,7,7,High School,11,57.64,1
481,Female,Government,9.09,56.55,32.3,41.3,84.93,12.26,54.01,6,7,Graduate,19,67.75,1
482,Female,Government,5.6,92.63,65.81,63.02,43.51,10.17,39.68,8,7,Post Graduate,100,54.97,1
483,Male,Private,7.72,96.64,42.16,68.74,55.71,12.83,60.76,7,0,Graduate,15,65.42,1
484,Female,Government,5.03,48.93,93.7,69.92,78.16,1.19,64.74,4,1,Post Graduate,28,49.71,0
485,Male,Government,6.62,67.76,66.66,44.71,75.43,4.7,58.26,7,3,Post Graduate,71,55.38,1
486,Female,Government,6.83,98.86,67.43,81.96,98.99,10.34,77.51,13,8,Graduate,34,73.14,1
487,Male,Government,6.98,69.0,48.39,31.76,38.01,19.06,59.46,14,2,Post Graduate,74,62.1,1
488,Female,Government,8.48,91.81,24.16,54.84,72.99,8.29,97.3,10,5,Post Graduate,70,66.67,1
489,Male,Government,6.94,75.32,22.54,84.61,68.77,9.06,71.95,9,6,High School,65,60.32,1
490,Male,Government,7.24,62.52,53.87,69.47,93.21,14.58,86.52,11,7,High School,82,69.84,1
491,Female,Government,6.19,57.15,26.77,48.28,32.51,12.47,37.65,14,6,High School,45,52.77,1
492,Male,Government,6.87,52.19,68.55,78.65,80.14,6.68,57.81,11,2,Graduate,86,60.11,1
493,Male,Government,6.14,85.71,90.48,69.72,65.46,8.81,53.58,2,5,High School,55,59.59,1
494,Female,Private,5.37,63.19,90.63,85.74,41.97,5.14,69.86,14,4,Post Graduate,48,55.72,1
495,Male,Private,8.02,70.68,72.72,81.45,57.95,19.35,90.28,9,9,Graduate,99,74.7,1
496,Male,Government,8.34,69.54,36.9,72.71,46.7,3.48,35.48,6,3,Graduate,17,56.73,1
497,Male,Private,8.1,74.64,89.04,64.17,66.35,8.06,35.08,11,0,Graduate,94,65.2,1
498,Female,Private,7.32,91.93,90.89,39.32,91.12,1.49,89.52,3,6,Graduate,112,61.27,1
499,Male,Government,6.9,98.84,35.73,48.29,65.54,5.21,44.9,4,7,Post Graduate,16,56.34,1
500,Female,Government,9.32,64.46,78.99,59.34,70.54,15.83,76.81,8,1,Post Graduate,86,74.46,1
501,Male,Government,7.6,89.65,42.92,71.95,61.5,4.82,68.0,6,6,High School,13,61.21,1
502,Male,Private,7.4,85.87,84.21,65.96,24.09,2.52,88.3,3,5,Graduate,117,54.91,1
503,Male,Private,5.13,74.41,99.78,50.17,38.63,10.01,38.76,5,4,High School,89,51.59,1
504,Female,Government,6.71,97.36,22.4,30.45,59.36,1.19,39.08,9,3,Post Graduate,52,49.47,0
505,Male,Government,6.9,52.03,91.79,64.74,44.82,2.61,68.98,13,1,Graduate,53,56.34,1
506,Male,Government,6.99,46.56,69.81,49.99,34.54,16.34,96.25,10,9,Post Graduate,57,63.23,1
507,Female,Private,7.9,91.24,97.87,81.42,60.33,15.66,59.05,6,5,High School,60,73.64,1
508,Male,Private,7.67,66.35,57.2,31.68,45.82,18.39,52.89,12,4,Post Graduate,44,65.7,1
509,Female,Private,8.04,90.82,87.79,70.94,40.65,17.24,72.47,9,1,Graduate,111,70.96,1
510,Female,Private,8.82,93.59,24.99,95.9,57.12,13.98,95.13,12,9,Graduate,28,75.51,1
511,Male,Government,9.06,43.75,46.82,42.21,30.66,1.99,88.58,8,6,High School,102,54.88,1
512,Female,Government,8.59,93.01,25.36,63.02,94.22,15.87,99.68,3,5,Graduate,76,72.85,1
513,Male,Government,9.78,66.9,98.03,36.4,89.42,17.06,31.58,9,8,Post Graduate,112,78.81,1
514,Female,Government,5.09,70.63,85.36,73.8,76.61,16.18,37.9,2,9,Post Graduate,37,61.11,1
515,Female,Private,5.98,77.6,88.2,68.54,28.5,10.66,72.66,7,4,Post Graduate,27,58.14,1
516,Male,Private,5.04,95.58,95.04,58.52,82.07,5.43,87.44,14,8,Post Graduate,81,61.72,1
517,Female,Government,8.24,41.15,26.81,66.5,84.64,17.06,49.97,0,8,High School,58,64.7,1
518,Female,Government,9.49,68.61,50.85,92.76,81.42,14.82,46.74,8,0,Post Graduate,57,74.79,1
519,Female,Private,6.22,81.26,25.68,43.74,29.12,19.63,85.09,12,4,High School,53,59.95,1
520,Female,Government,9.64,83.36,36.86,31.58,71.51,3.96,33.95,0,8,Post Graduate,82,60.46,1
521,Female,Private,5.3,81.55,38.35,90.32,86.75,5.29,55.86,1,6,High School,82,52.2,1
522,Male,Government,9.67,48.07,57.53,70.4,66.19,5.02,65.41,12,5,Post Graduate,84,67.07,1
523,Female,Government,6.76,57.96,41.48,92.35,71.71,16.06,69.22,7,5,Post Graduate,53,64.64,1
524,Male,Government,5.51,61.52,28.08,71.79,56.67,4.55,81.0,8,6,High School,106,48.16,0
525,Female,Government,7.43,88.27,33.4,86.71,62.3,2.27,54.84,6,0,Graduate,64,55.84,1
526,Male,Government,6.28,56.73,31.78,60.08,22.75,19.97,72.89,2,3,Graduate,107,53.47,1
527,Male,Government,6.42,52.64,97.85,82.49,71.12,1.47,70.98,6,0,Graduate,94,55.01,1
528,Female,Government,6.54,97.45,80.74,93.91,26.52,16.87,68.33,5,5,High School,94,64.82,1
529,Female,Private,9.02,40.53,97.42,70.05,54.8,7.94,74.83,1,3,Graduate,69,64.64,1
530,Female,Private,7.7,99.87,55.18,42.65,43.41,16.99,48.16,2,0,Graduate,36,63.62,1
531,Male,Private,6.56,80.61,42.27,48.82,63.63,11.54,35.93,10,8,High School,83,58.65,1
532,Female,Private,8.05,89.71,83.86,43.91,30.67,18.13,38.35,12,3,Graduate,25,70.11,1
533,Male,Private,8.58,57.68,46.1,47.28,75.33,18.6,45.72,11,5,Graduate,22,71.81,1
534,Male,Government,6.36,40.86,43.95,51.45,83.6,1.17,65.01,12,6,Graduate,98,51.1,1
535,Male,Government,7.07,84.27,38.6,68.86,33.07,2.43,88.83,9,7,High School,64,54.44,1
536,Female,Private,5.61,90.05,30.37,71.16,28.35,5.76,79.09,9,8,High School,17,51.65,1
537,Female,Government,5.91,84.43,40.52,59.85,31.64,13.72,85.23,12,8,Graduate,28,59.3,1
538,Male,Private,8.41,48.57,48.43,73.08,90.17,17.88,54.57,11,7,Graduate,34,74.12,1
539,Male,Private,5.91,85.21,73.92,35.71,62.26,9.74,58.33,14,9,High School,6,61.76,1
540,Female,Government,7.63,86.14,25.01,36.15,57.38,12.53,57.56,4,2,Graduate,87,57.93,1
541,Male,Government,8.55,79.51,36.84,42.03,28.54,4.58,43.43,9,1,High School,115,53.76,1
542,Female,Government,5.53,85.97,84.72,66.27,71.96,16.29,34.29,3,4,Graduate,112,60.44,1
543,Male,Private,7.84,90.76,31.75,44.98,89.44,19.38,71.36,1,0,High School,115,67.08,1
544,Female,Government,6.28,76.82,47.41,49.83,86.25,6.1,99.25,3,2,Post Graduate,29,56.89,1
545,Male,Private,9.81,45.32,89.17,58.02,70.08,10.4,41.68,11,0,Post Graduate,54,71.58,1
546,Female,Private,7.42,69.26,32.39,86.83,26.02,2.64,33.27,7,2,High School,18,51.0,1
547,Male,Private,9.03,44.66,26.62,30.97,28.99,11.62,84.57,4,3,Post Graduate,10,58.4,1
548,Female,Government,7.75,64.45,58.76,75.46,23.94,10.55,47.68,4,6,Graduate,80,57.61,1
549,Female,Government,5.22,64.43,44.19,76.82,40.6,3.74,88.08,12,4,High School,88,48.53,0
550,Male,Private,8.17,43.96,65.07,85.91,30.85,9.4,79.28,11,4,High School,91,61.84,1
551,Male,Government,9.76,60.93,84.3,95.29,40.8,7.35,96.2,11,0,Graduate,34,72.44,1
552,Female,Government,8.01,46.66,30.97,31.41,50.8,10.91,58.62,9,7,Graduate,34,58.29,1
553,Male,Government,9.1,88.49,66.46,40.76,95.44,12.13,76.34,2,3,High School,42,73.0,1
554,Female,Private,9.42,96.86,60.44,92.03,68.83,1.16,62.54,12,9,Graduate,62,71.28,1
555,Male,Private,6.14,44.34,31.53,62.1,86.8,15.46,74.14,7,4,High School,98,58.46,1
556,Female,Government,6.06,97.31,69.92,69.52,76.83,14.55,61.47,5,1,Graduate,45,64.45,1
557,Female,Private,8.05,71.35,41.89,76.41,29.0,7.96,43.2,1,0,High School,98,53.6,1
558,Female,Government,7.06,57.97,59.03,77.53,78.87,2.01,65.55,1,8,Graduate,61,55.7,1
559,Female,Government,9.2,44.61,26.58,95.22,42.01,15.34,67.0,8,1,Graduate,40,66.92,1
560,Female,Government,9.5,70.04,56.77,99.79,71.13,19.15,86.74,12,5,Post Graduate,68,81.91,1
561,Female,Government,6.77,87.67,44.52,80.41,47.28,5.56,81.49,6,0,Post Graduate,117,54.51,1
562,Male,Private,6.18,82.43,85.79,50.11,99.81,7.15,76.47,9,0,Post Graduate,102,61.83,1
563,Male,Private,8.9,43.01,24.56,91.58,41.08,4.49,37.94,8,8,Graduate,20,58.48,1
564,Male,Private,6.37,44.37,53.49,33.45,42.33,11.96,80.44,13,3,High School,92,54.28,1
565,Female,Government,9.11,64.17,56.67,46.18,94.45,3.94,65.02,5,8,Graduate,82,65.41,1
566,Female,Government,7.12,57.72,78.0,92.82,21.97,7.77,92.59,14,4,Post Graduate,94,60.42,1
567,Female,Government,8.34,53.94,65.94,47.93,75.74,14.24,94.39,4,6,Graduate,76,68.19,1
568,Female,Private,5.48,56.86,73.38,45.45,78.03,11.64,33.86,11,0,Post Graduate,18,56.8,1
569,Male,Government,8.12,88.21,82.16,39.67,86.91,8.34,87.44,0,5,Post Graduate,35,67.6,1
570,Male,Private,7.26,95.75,88.98,90.14,97.96,8.98,32.64,11,7,High School,70,72.08,1
571,Female,Private,7.93,64.31,45.11,65.0,98.05,11.68,55.7,5,0,High School,116,64.03,1
572,Male,Private,5.84,94.37,63.04,77.24,25.22,1.11,67.96,5,8,Post Graduate,72,49.52,0
573,Male,Private,8.68,59.29,87.21,46.73,85.75,2.49,40.37,2,2,Post Graduate,69,60.96,1
574,Female,Private,9.31,68.59,99.16,83.06,71.7,17.74,82.24,2,0,Graduate,59,78.14,1
575,Male,Private,6.08,53.56,91.16,83.2,71.79,2.48,30.58,14,0,Post Graduate,88,55.27,1
576,Female,Government,5.48,78.43,49.72,51.88,30.27,14.43,41.8,2,5,Graduate,82,50.29,1
577,Male,Government,5.12,98.74,35.61,58.75,72.01,18.48,70.66,2,5,Post Graduate,44,59.7,1
578,Female,Private,8.21,76.21,59.15,44.68,98.6,6.14,80.01,6,0,High School,29,65.76,1
579,Female,Private,8.04,61.47,79.33,98.36,92.95,8.04,94.17,9,2,High School,29,72.14,1
580,Female,Government,7.73,78.87,59.41,75.19,55.13,11.81,79.38,10,6,Post Graduate,7,68.57,1
581,Female,Private,6.16,47.38,58.65,95.42,23.2,17.75,77.02,1,9,Graduate,73,57.53,1
582,Male,Private,6.95,93.32,87.06,51.24,48.98,18.9,57.6,9,2,Graduate,106,67.55,1
583,Female,Government,7.97,70.19,48.91,84.73,86.11,15.05,30.09,12,2,Graduate,30,71.14,1
584,Female,Private,7.48,66.96,88.78,83.61,76.12,2.65,38.41,9,2,Post Graduate,44,61.99,1
585,Female,Private,9.94,75.15,52.54,78.42,56.75,13.71,67.42,1,6,Post Graduate,42,72.73,1
586,Male,Private,5.68,77.49,46.26,97.59,24.41,8.8,77.26,2,3,High School,42,51.3,1
587,Female,Government,8.48,44.31,56.32,57.55,54.15,9.94,59.22,9,3,High School,72,61.85,1
588,Male,Government,7.02,80.96,81.0,39.15,57.52,1.93,81.15,11,2,Post Graduate,11,58.67,1
589,Female,Government,7.14,54.52,30.08,77.02,94.28,4.63,66.53,6,9,High School,98,57.8,1
590,Male,Private,8.59,82.84,35.71,81.05,71.29,16.02,35.19,2,8,Graduate,34,69.94,1
591,Male,Private,8.46,89.35,96.12,70.25,44.93,9.63,43.44,6,1,Graduate,23,67.95,1
592,Female,Government,9.96,88.24,34.04,44.48,62.03,6.73,88.8,8,3,Post Graduate,107,67.2,1
593,Male,Private,5.64,73.15,65.42,65.31,25.28,8.3,80.74,10,7,Graduate,39,54.1,1
594,Female,Private,5.52,71.21,66.35,51.85,97.81,17.23,92.63,9,5,Post Graduate,108,65.14,1
595,Female,Private,8.62,48.57,59.17,59.92,48.8,15.23,38.23,11,6,Graduate,37,67.42,1
596,Female,Private,7.89,86.52,71.58,75.17,58.23,6.17,99.32,14,6,Post Graduate,37,69.14,1
597,Male,Private,6.37,56.28,38.39,82.17,48.42,3.23,44.66,10,1,Graduate,82,49.11,0
598,Male,Government,5.4,69.8,64.21,46.26,74.6,5.79,30.82,3,3,Graduate,42,49.62,0
599,Female,Private,5.43,57.06,49.77,58.37,72.98,18.49,99.82,6,9,High School,14,62.78,1
600,Female,Government,9.47,48.03,72.93,48.84,77.23,12.05,49.68,8,9,High School,61,71.58,1
601,Male,Private,5.96,77.77,31.3,43.9,41.45,11.14,76.76,13,5,High School,32,55.51,1
602,Female,Government,6.62,43.26,65.67,84.84,45.25,12.33,42.37,7,2,High School,82,56.37,1
603,Female,Private,6.13,84.92,34.82,93.65,30.02,7.95,70.62,7,8,High School,104,53.6,1
604,Female,Government,6.77,59.06,42.29,55.92,72.44,16.34,93.28,8,3,High School,42,63.89,1
605,Male,Private,5.35,40.01,37.5,82.59,23.18,10.94,52.41,13,9,Post Graduate,20,50.93,1
606,Male,Government,7.6,70.67,34.63,92.79,67.81,3.22,76.92,4,1,Post Graduate,25,58.05,1
607,Male,Private,5.34,42.81,86.06,89.23,89.58,3.45,43.15,13,5,High School,96,55.39,1
608,Female,Government,9.0,56.57,42.86,42.8,91.27,11.2,73.74,4,0,Post Graduate,101,65.2,1
609,Female,Private,6.17,82.42,94.17,96.94,55.92,18.79,53.55,2,5,High School,10,68.34,1
610,Female,Government,7.7,43.76,97.59,56.37,56.74,6.86,44.78,4,9,Post Graduate,45,60.33,1
611,Male,Government,9.4,90.36,65.7,53.75,26.16,17.52,51.92,7,0,Graduate,19,71.43,1
612,Female,Private,8.25,40.23,31.44,34.37,73.66,15.52,42.52,11,7,Post Graduate,112,62.79,1
613,Female,Private,7.66,54.81,49.96,64.03,85.7,5.71,93.13,4,4,Post Graduate,7,61.81,1
614,Female,Government,6.62,84.45,83.82,37.63,39.57,1.69,57.8,3,5,Post Graduate,47,51.37,1
615,Female,Private,6.67,58.98,49.39,47.4,53.7,2.94,47.17,7,1,Graduate,51,49.2,0
616,Male,Government,8.35,46.11,26.96,52.19,87.11,14.84,61.39,6,1,High School,103,63.44,1
617,Male,Government,9.97,61.61,64.54,86.62,90.17,4.79,52.44,14,8,Post Graduate,18,76.02,1
618,Female,Government,8.31,56.22,87.61,91.28,39.45,8.05,82.11,13,2,Post Graduate,70,66.81,1
619,Male,Private,7.79,90.56,83.67,51.17,64.05,10.53,97.99,13,5,Graduate,33,71.68,1
620,Male,Government,8.65,58.8,34.01,90.11,35.4,14.78,60.66,5,9,High School,8,66.57,1
621,Female,Government,7.33,87.34,73.82,90.01,28.15,3.15,90.27,4,4,Post Graduate,30,58.57,1
622,Female,Private,5.3,93.51,37.64,83.53,92.89,8.72,69.61,13,3,Graduate,119,59.26,1
623,Male,Private,7.81,66.03,37.46,40.27,85.64,10.22,41.01,4,9,High School,16,62.25,1
624,Female,Private,9.79,94.6,89.93,78.32,80.8,11.28,78.34,12,1,High School,6,82.6,1
625,Male,Private,5.88,62.64,39.97,96.15,23.9,16.55,65.94,9,7,Post Graduate,21,58.65,1
626,Female,Government,8.45,97.84,41.06,77.78,87.5,4.26,75.54,1,9,Post Graduate,39,66.46,1
627,Male,Government,6.0,45.36,20.05,53.21,55.04,16.35,92.28,12,6,Post Graduate,14,58.4,1
628,Female,Government,7.68,81.22,89.65,65.04,47.39,14.16,60.83,14,1,Post Graduate,116,68.38,1
629,Male,Government,5.48,69.63,83.41,75.2,63.72,11.56,93.08,3,5,Graduate,90,58.5,1
630,Male,Private,7.25,63.26,70.19,65.74,27.31,14.29,82.55,7,7,Graduate,109,61.24,1
631,Male,Government,8.78,77.96,80.02,38.4,80.53,8.83,64.2,7,6,Post Graduate,47,69.84,1
632,Female,Government,6.74,82.23,32.16,51.84,66.59,3.63,72.23,10,0,High School,25,54.84,1
633,Male,Private,8.32,40.26,56.67,86.17,34.93,13.65,52.79,0,4,Post Graduate,19,61.09,1
634,Male,Government,8.98,50.02,48.1,90.3,35.06,10.97,98.85,1,1,High School,39,63.39,1
635,Female,Government,9.64,82.78,27.5,39.61,34.74,13.15,76.71,4,5,High School,116,64.14,1
636,Female,Government,6.17,79.98,58.89,96.67,24.56,7.42,33.07,8,6,High School,89,53.26,1
637,Male,Government,7.0,97.96,93.66,53.02,67.02,18.23,52.86,9,6,Graduate,89,71.55,1
638,Male,Government,5.76,85.66,23.2,76.36,87.23,12.16,73.63,10,2,High School,89,59.67,1
639,Female,Government,9.96,97.05,43.32,82.63,21.4,2.62,33.94,11,6,High School,64,64.28,1
640,Female,Private,9.64,82.15,36.6,86.84,23.92,9.55,31.67,12,4,Graduate,48,66.62,1
641,Female,Private,7.7,57.88,39.05,96.2,65.82,15.37,61.5,10,7,High School,100,67.08,1
642,Female,Government,9.21,46.32,92.67,51.9,85.56,16.09,53.29,6,7,High School,9,76.35,1
643,Female,Government,7.6,86.91,57.45,90.1,46.14,10.4,60.68,9,6,Post Graduate,107,64.2,1
644,Male,Private,8.12,78.65,57.3,39.22,47.97,18.0,48.39,4,5,High School,77,65.32,1
645,Female,Government,5.45,42.89,80.85,79.35,67.71,6.09,41.53,0,1,High School,22,49.94,0
646,Male,Government,8.78,61.6,32.36,81.94,41.94,8.8,78.24,14,5,High School,25,66.04,1
647,Male,Government,5.64,97.41,58.98,77.44,22.13,18.07,66.02,14,8,High School,76,63.02,1
648,Male,Private,9.13,70.02,54.4,47.66,78.82,18.03,44.01,5,1,High School,112,70.51,1
649,Female,Government,8.91,65.96,67.75,91.11,70.05,14.03,52.37,11,0,Graduate,102,72.36,1
650,Male,Private,8.54,67.46,99.96,41.82,66.46,17.32,71.43,7,4,High School,78,73.42,1
651,Male,Government,5.18,52.53,81.56,33.75,79.33,2.69,35.06,6,5,High School,55,47.84,0
652,Female,Private,6.52,62.12,51.83,80.22,74.02,17.43,40.32,1,2,Graduate,45,61.46,1
653,Male,Private,6.32,62.19,86.2,63.28,36.47,7.09,35.13,11,7,Graduate,28,56.32,1
654,Male,Government,6.8,43.14,33.66,89.44,48.2,4.39,86.86,4,6,High School,108,50.59,1
655,Female,Private,5.44,86.05,22.44,56.84,30.09,5.55,82.67,13,1,High School,28,48.8,0
656,Male,Government,9.68,64.99,36.36,41.78,30.39,8.94,82.73,10,6,High School,100,63.3,1
657,Male,Private,7.77,89.33,47.23,88.55,74.1,5.77,80.14,3,0,Post Graduate,101,61.5,1
658,Male,Government,6.53,91.02,60.85,68.42,88.69,7.09,76.86,8,8,Post Graduate,42,64.4,1
659,Female,Government,6.98,52.72,69.21,43.24,97.02,3.56,63.39,9,6,High School,48,59.29,1
660,Female,Private,7.24,79.44,92.85,80.43,70.27,6.63,74.96,0,5,Graduate,61,63.14,1
661,Female,Government,8.0,68.34,60.79,65.78,34.73,11.87,32.69,11,1,High School,119,60.36,1
662,Male,Government,7.58,92.81,60.1,72.3,28.45,9.4,73.5,5,2,Graduate,63,60.22,1
663,Male,Private,9.6,52.94,24.02,62.26,85.03,7.59,84.45,2,0,Graduate,117,62.89,1
664,Female,Government,7.48,80.67,22.79,88.01,66.3,15.18,65.03,10,9,Graduate,38,68.26,1
665,Male,Government,9.96,76.47,64.09,88.07,69.46,17.98,55.03,8,4,High School,79,79.68,1
666,Male,Private,9.26,57.72,55.05,79.66,82.52,15.38,49.42,4,8,High School,99,72.49,1
667,Female,Private,6.04,48.2,87.13,37.38,76.26,7.31,75.0,12,5,Graduate,86,57.42,1
668,Female,Government,9.65,79.1,32.85,88.72,86.76,15.14,78.5,5,4,Post Graduate,27,77.18,1
669,Male,Government,5.58,84.32,22.0,76.97,24.5,3.89,90.97,10,2,Post Graduate,90,46.82,0
670,Male,Private,9.09,58.94,55.92,78.79,79.8,3.48,53.96,8,4,Post Graduate,47,65.51,1
671,Male,Private,6.9,78.69,39.0,55.41,88.07,7.57,83.88,8,7,Graduate,86,61.1,1
672,Female,Government,9.39,63.71,23.97,91.55,42.89,16.35,69.29,7,1,High School,44,69.3,1
673,Female,Private,9.34,82.79,77.97,80.78,71.24,5.68,91.8,8,4,Graduate,51,72.89,1
674,Female,Government,9.03,51.95,28.93,37.88,45.13,2.2,66.95,3,5,Post Graduate,45,53.65,1
675,Female,Government,8.95,93.41,68.67,58.54,96.64,3.5,66.23,5,9,High School,51,70.35,1
676,Male,Government,6.52,57.24,42.48,92.05,22.67,17.32,70.45,4,7,Graduate,107,57.25,1
677,Female,Government,5.4,62.07,33.88,33.3,66.38,13.04,82.45,4,7,Graduate,24,53.31,1
678,Female,Government,7.01,43.49,50.38,97.3,33.32,5.81,97.53,3,4,Post Graduate,81,53.0,1
679,Female,Private,5.87,46.69,84.12,77.54,76.98,11.55,35.15,1,8,Graduate,113,56.36,1
680,Female,Private,8.47,70.95,51.37,74.2,34.07,11.02,33.74,11,3,High School,69,63.01,1
681,Female,Private,6.73,56.06,80.06,48.94,38.83,13.45,95.63,5,8,Post Graduate,72,60.11,1
682,Male,Private,9.88,90.13,30.04,47.42,59.55,5.43,67.09,8,6,Post Graduate,28,67.24,1
683,Male,Government,8.2,40.88,81.82,95.94,93.19,17.42,73.04,11,5,High School,104,76.07,1
684,Female,Government,9.11,62.75,38.95,50.88,36.94,6.88,63.77,0,3,Post Graduate,40,57.4,1
685,Male,Government,5.66,60.24,74.19,84.29,31.54,14.19,36.56,13,1,Graduate,49,57.31,1
686,Female,Government,9.31,41.16,65.26,57.52,80.72,1.31,83.77,6,7,Graduate,6,64.96,1
687,Female,Private,9.61,47.46,94.33,39.75,60.05,8.08,82.31,5,5,Post Graduate,32,68.85,1
688,Male,Government,7.44,64.82,50.99,30.75,92.94,7.68,51.82,2,2,High School,30,58.33,1
689,Male,Government,8.03,69.57,25.29,68.1,31.73,11.33,51.44,0,6,Graduate,27,56.89,1
690,Female,Private,8.82,64.26,21.53,98.3,71.67,2.38,88.65,12,9,High School,83,64.89,1
691,Female,Private,5.87,71.86,86.15,55.84,38.63,16.01,35.07,3,6,Graduate,40,57.96,1
692,Female,Private,7.51,75.71,61.98,55.0,32.54,5.14,91.68,14,5,Graduate,95,59.01,1
693,Male,Private,6.99,40.6,82.02,54.09,74.67,13.86,47.97,13,1,Post Graduate,10,65.1,1
694,Female,Government,5.73,67.85,38.75,66.44,67.49,16.26,71.51,8,7,Post Graduate,39,60.68,1
695,Female,Government,6.84,97.81,47.61,60.85,80.39,11.68,95.52,14,0,High School,107,66.34,1
696,Female,Private,5.34,71.14,22.41,91.59,44.76,15.08,77.47,1,0,Post Graduate,42,52.47,1
697,Male,Government,5.13,80.65,96.92,65.39,55.84,13.58,59.01,2,5,Graduate,39,58.52,1
698,Female,Government,5.68,58.71,73.43,65.54,52.44,7.76,78.27,1,4,Graduate,104,50.85,1
699,Female,Government,9.82,86.44,94.66,39.69,98.73,16.37,54.08,13,8,High School,78,84.49,1
700,Male,Private,7.75,86.38,41.24,98.79,43.38,6.6,49.41,1,6,High School,98,57.69,1
701,Female,Government,9.83,71.28,68.92,47.5,43.59,11.85,99.77,9,1,Graduate,57,71.5,1
702,Female,Private,7.16,98.56,74.28,35.14,48.36,15.16,82.56,10,6,Post Graduate,109,66.25,1
703,Male,Government,6.56,47.53,45.4,76.42,65.17,8.2,75.13,10,2,Post Graduate,42,57.06,1
704,Female,Government,7.53,41.02,87.85,71.68,40.19,6.75,54.87,7,0,High School,97,55.99,1
705,Male,Government,7.2,86.21,95.77,59.06,93.22,9.73,33.44,2,7,High School,63,66.39,1
706,Male,Private,5.53,88.43,90.79,59.55,41.25,16.54,32.17,6,2,Graduate,47,59.46,1
707,Female,Government,8.2,47.21,79.13,84.95,91.67,18.67,68.79,7,7,Graduate,107,75.07,1
708,Female,Private,6.08,55.93,42.2,43.7,28.28,11.36,83.34,2,6,High School,118,48.17,0
709,Female,Private,8.1,41.05,42.53,87.42,72.53,13.57,67.62,1,1,Graduate,8,63.99,1
710,Female,Private,8.25,57.6,97.07,75.41,92.56,18.16,88.85,12,0,High School,9,80.3,1
711,Male,Government,5.76,86.39,20.82,59.33,33.5,2.87,32.34,12,6,High School,72,46.06,0
712,Female,Government,5.31,71.08,77.28,62.06,97.47,5.41,55.67,7,0,Post Graduate,104,54.5,1
713,Male,Government,8.9,60.89,76.5,47.97,56.23,14.47,46.59,2,5,High School,49,67.25,1
714,Female,Government,7.3,62.3,69.82,82.65,95.66,16.65,61.31,6,9,Graduate,84,71.52,1
715,Female,Private,5.29,40.08,99.21,65.9,74.15,17.28,35.07,11,9,Post Graduate,29,63.58,1
716,Female,Private,9.97,57.99,44.95,52.46,44.13,8.89,96.79,0,7,Post Graduate,82,64.39,1
717,Male,Private,5.29,78.79,47.2,71.72,35.06,2.7,45.63,13,6,Graduate,15,49.23,0
718,Female,Government,8.48,98.45,26.32,99.7,44.3,9.32,94.56,14,3,Graduate,33,69.69,1
719,Female,Private,9.92,90.82,55.42,60.47,27.44,5.38,59.81,11,0,Graduate,38,66.13,1
720,Female,Government,6.2,41.42,40.88,94.45,31.51,6.53,98.99,5,0,High School,90,48.77,0
721,Female,Private,5.71,93.91,47.47,54.15,28.37,15.67,68.78,11,3,Post Graduate,18,58.62,1
722,Male,Government,5.61,86.99,86.77,33.83,53.84,2.44,95.16,11,4,High School,28,54.88,1
723,Female,Government,6.52,86.82,94.84,44.3,83.65,16.72,30.37,12,6,High School,63,69.83,1
724,Male,Private,5.51,67.48,34.86,59.31,31.31,9.13,82.38,8,3,High School,43,49.52,0
725,Male,Private,8.46,63.88,49.8,45.37,30.43,12.33,93.21,11,9,High School,30,65.66,1
726,Male,Private,5.31,58.17,94.29,30.02,71.47,2.7,39.78,2,0,Post Graduate,47,46.65,0
727,Male,Private,7.55,43.94,24.94,94.05,35.77,7.41,36.73,13,9,Post Graduate,40,56.78,1
728,Male,Government,9.98,53.69,27.39,89.07,27.81,2.7,59.72,6,6,High School,43,60.02,1
729,Male,Private,9.07,54.8,33.02,81.96,33.35,19.27,95.36,12,1,Graduate,65,70.93,1
730,Female,Private,8.08,69.04,67.62,41.75,93.9,16.34,67.97,5,1,Post Graduate,20,71.14,1
731,Male,Private,6.53,84.85,32.04,38.43,85.72,9.73,66.92,7,7,High School,106,58.14,1
732,Male,Government,8.12,68.43,97.45,34.73,48.33,5.25,39.88,2,9,Graduate,63,59.2,1
733,Male,Government,7.64,43.47,55.74,80.68,72.47,18.74,30.06,2,9,Graduate,100,65.18,1
734,Female,Private,7.13,97.47,60.12,95.02,62.98,7.55,86.71,3,9,High School,10,65.89,1
735,Female,Government,5.65,96.56,39.73,60.14,74.17,4.06,36.13,2,4,Post Graduate,102,49.19,0
736,Male,Private,9.43,87.11,57.68,38.34,74.61,11.7,74.37,8,9,Graduate,60,73.49,1
737,Female,Government,7.25,99.48,72.95,65.87,70.3,18.93,94.02,10,1,Post Graduate,12,75.29,1
738,Male,Government,5.97,72.67,80.09,54.42,41.29,1.07,44.61,3,4,Post Graduate,98,46.53,0
739,Male,Government,6.84,97.77,80.31,56.24,23.12,5.52,76.57,5,7,Graduate,31,57.47,1
740,Female,Government,7.07,44.54,66.23,73.49,56.45,18.83,35.51,7,5,High School,75,63.63,1
741,Male,Private,9.14,61.94,92.35,80.31,91.28,4.25,72.26,10,2,Graduate,31,72.68,1
742,Female,Private,8.67,53.52,85.39,37.74,65.56,3.15,41.48,12,7,Graduate,93,62.05,1
743,Female,Private,8.85,51.75,80.56,32.49,86.59,11.83,81.52,7,8,Post Graduate,50,71.26,1
744,Male,Government,5.06,48.45,24.45,99.6,99.33,17.38,51.09,14,4,High School,45,62.26,1
745,Male,Private,7.08,77.34,20.55,46.29,33.09,10.07,62.44,4,1,Post Graduate,83,51.06,1
746,Female,Private,7.41,86.88,37.0,33.77,75.34,19.9,71.96,4,1,Graduate,29,66.93,1
747,Male,Private,5.1,74.7,73.08,43.29,73.94,13.9,41.99,5,6,High School,90,55.86,1
748,Male,Government,6.3,48.82,52.9,32.73,98.4,2.41,81.91,9,0,High School,22,53.71,1
749,Male,Government,8.8,88.67,52.19,57.43,98.85,19.86,51.18,6,9,High School,16,79.68,1
750,Female,Government,5.69,78.16,90.77,86.17,74.93,8.75,76.37,12,1,High School,91,62.4,1
751,Female,Private,7.68,63.29,91.65,53.89,39.49,6.46,41.08,12,9,High School,55,61.61,1
752,Male,Private,6.08,80.45,92.73,61.09,83.88,11.6,78.17,9,3,Graduate,113,64.4,1
753,Female,Private,5.06,55.59,45.11,77.29,28.56,6.78,38.97,13,0,Graduate,43,46.21,0
754,Female,Government,6.21,60.71,75.28,65.62,82.46,2.64,59.77,6,3,Graduate,93,54.06,1
755,Female,Government,9.88,95.05,41.73,90.3,92.82,1.03,47.3,12,9,Post Graduate,14,74.01,1
756,Female,Private,9.01,57.43,35.25,90.62,50.63,9.54,82.39,3,4,High School,98,63.14,1
757,Female,Government,9.8,68.2,34.77,30.69,70.45,16.9,48.34,5,8,High School,78,70.68,1
758,Male,Government,7.44,93.41,47.37,84.46,54.41,11.87,91.72,6,0,Graduate,102,63.92,1
759,Male,Government,5.55,82.46,54.4,62.25,55.02,19.98,92.43,4,4,High School,114,60.72,1
760,Male,Government,7.74,43.73,86.48,99.22,44.83,6.45,43.75,4,1,Post Graduate,81,58.07,1
761,Female,Private,7.27,48.84,29.59,63.83,80.97,6.33,72.97,1,8,High School,58,55.62,1
762,Female,Government,9.22,40.47,78.79,99.08,94.89,4.04,36.14,6,5,High School,33,68.87,1
763,Male,Government,5.49,77.86,62.52,82.82,95.26,4.12,57.41,11,1,Post Graduate,106,56.43,1
764,Female,Government,7.44,66.86,43.04,47.4,33.98,6.42,79.93,5,2,Graduate,45,53.4,1
765,Male,Government,5.75,48.06,59.43,67.69,89.98,16.06,76.16,10,7,Graduate,113,62.59,1
766,Male,Private,6.62,97.48,44.0,99.45,78.99,18.21,73.73,0,0,High School,13,68.16,1
767,Male,Private,8.69,71.78,67.69,90.03,40.23,19.53,49.78,3,2,Post Graduate,67,70.59,1
768,Female,Government,7.38,54.51,54.71,36.82,25.38,5.41,56.46,2,9,Graduate,81,49.35,0
769,Female,Government,6.88,70.04,33.15,79.45,41.44,17.74,37.21,11,0,Graduate,41,61.38,1
770,Male,Government,6.97,80.78,29.33,54.19,92.98,7.24,80.33,14,7,Graduate,18,64.48,1
771,Male,Government,7.3,44.57,63.74,30.49,70.65,3.14,65.27,2,0,High School,105,49.95,0
772,Male,Government,8.93,56.48,92.19,58.24,77.68,17.53,79.61,6,4,Post Graduate,77,75.7,1
773,Male,Government,9.46,88.42,47.52,46.43,40.57,13.09,47.43,10,3,High School,76,68.21,1
774,Female,Private,9.78,67.58,78.64,87.32,77.55,4.13,52.71,11,6,Graduate,43,73.22,1
775,Female,Government,8.93,72.79,72.69,53.61,22.25,9.17,53.4,9,4,Post Graduate,44,63.74,1
776,Male,Private,6.58,65.97,94.52,87.93,50.03,6.46,31.8,3,7,High School,58,57.41,1
777,Male,Private,8.44,42.63,85.68,30.04,70.14,15.0,53.87,14,0,Graduate,7,69.98,1
778,Female,Government,7.19,49.94,65.33,51.55,31.69,9.61,86.23,11,4,Graduate,59,57.78,1
779,Female,Private,6.27,66.73,72.56,46.88,85.84,19.8,92.81,7,3,High School,115,66.75,1
780,Male,Private,9.2,52.55,91.87,46.35,38.8,2.04,66.28,10,2,Graduate,108,60.19,1
781,Male,Private,5.19,43.0,51.96,34.77,72.18,7.75,61.89,8,4,Graduate,37,49.15,0
782,Male,Private,9.51,90.62,46.14,43.1,52.42,10.16,32.16,2,9,Post Graduate,100,64.8,1
783,Female,Private,7.31,98.87,20.86,68.89,67.68,10.56,91.54,4,2,Graduate,75,61.42,1
784,Female,Private,8.19,87.59,86.12,50.4,28.6,7.0,30.91,3,7,High School,23,60.6,1
785,Female,Government,8.3,91.23,84.08,59.22,21.35,14.86,96.13,13,2,Post Graduate,38,71.4,1
786,Male,Private,9.48,54.52,28.36,56.38,92.77,17.62,64.25,11,0,High School,82,73.46,1
787,Male,Private,8.18,97.64,66.15,91.31,41.57,18.84,53.94,9,8,Graduate,54,74.75,1
788,Female,Private,8.07,51.82,57.12,93.37,85.57,16.3,94.7,14,8,Post Graduate,51,76.51,1
789,Female,Government,5.33,97.09,29.5,64.51,99.95,17.16,31.71,5,5,Post Graduate,50,61.61,1
790,Male,Private,7.59,99.69,98.45,53.11,36.91,11.46,70.7,10,9,Post Graduate,60,68.77,1
791,Female,Government,5.75,82.7,37.18,37.48,41.21,16.69,68.43,9,0,Post Graduate,61,55.42,1
792,Female,Private,8.69,98.87,25.38,96.74,73.03,6.77,45.35,3,7,High School,87,65.17,1
793,Male,Government,7.56,74.17,67.59,34.22,97.24,8.57,60.02,7,1,Graduate,55,63.86,1
794,Female,Government,8.4,55.57,79.11,50.84,93.27,7.02,75.66,2,8,Graduate,58,66.31,1
795,Male,Private,5.21,66.22,22.6,50.86,60.23,9.88,80.9,10,7,Post Graduate,94,50.84,1
796,Male,Private,5.42,75.61,72.7,52.43,83.61,6.43,30.05,4,2,Graduate,85,52.0,1
797,Male,Government,8.58,44.38,62.58,41.5,30.86,19.27,95.58,12,4,High School,32,69.29,1
798,Male,Private,5.36,77.34,28.26,84.82,98.2,6.94,41.52,0,8,Graduate,23,53.95,1
799,Male,Government,5.36,98.87,33.8,38.57,97.15,2.86,46.35,12,0,High School,31,52.94,1
800,Male,Government,5.06,51.41,65.44,74.44,33.1,11.01,48.44,14,8,High School,52,53.3,1
801,Male,Government,9.78,87.56,43.71,38.67,43.95,2.08,32.65,5,3,Graduate,23,60.01,1
802,Female,Government,8.69,94.47,95.07,34.94,28.01,3.1,38.61,10,3,High School,101,60.29,1
803,Male,Government,6.77,96.62,85.5,93.66,41.74,5.17,99.04,4,3,High School,55,61.22,1
804,Male,Private,6.48,97.61,98.69,43.31,85.28,9.82,52.07,7,9,High School,11,67.46,1
805,Female,Government,6.75,71.29,40.77,87.49,50.27,9.23,38.07,8,8,High School,33,58.41,1
806,Female,Government,8.87,98.64,97.58,68.12,27.07,16.19,37.49,7,5,Post Graduate,47,73.17,1
807,Female,Private,8.31,85.44,54.5,35.45,47.38,15.05,80.36,7,7,Graduate,73,67.13,1
808,Male,Government,5.93,49.7,47.8,96.88,98.51,9.1,89.82,11,3,Post Graduate,98,60.97,1
809,Female,Private,5.87,68.61,24.03,47.29,70.37,7.34,47.99,13,2,High School,117,50.7,1
810,Male,Private,5.49,83.1,24.22,90.18,53.29,7.01,31.46,12,0,Graduate,111,49.97,0
811,Male,Private,8.3,54.84,75.36,41.82,33.32,15.71,45.62,2,9,High School,62,62.8,1
812,Male,Government,8.82,78.44,56.63,89.78,98.89,1.99,33.96,3,6,Graduate,12,66.79,1
813,Male,Government,6.33,80.0,38.12,30.93,85.67,1.24,37.24,14,3,Post Graduate,46,52.87,1
814,Female,Government,5.1,49.76,69.12,65.82,42.52,16.12,60.21,10,7,Graduate,80,55.81,1
815,Female,Private,5.41,73.91,40.23,83.86,25.61,10.07,46.09,3,2,High School,46,48.14,0
816,Male,Government,9.84,86.3,66.21,95.44,24.53,3.49,66.12,14,0,Graduate,17,69.03,1
817,Male,Private,6.48,69.93,48.74,93.64,29.63,5.48,47.74,14,4,Graduate,30,55.33,1
818,Male,Government,8.85,40.73,85.88,87.37,66.46,18.72,95.84,13,1,Post Graduate,22,78.78,1
819,Female,Private,8.12,40.54,85.66,92.17,94.3,17.33,93.42,10,2,High School,46,77.11,1
820,Male,Government,6.91,61.42,58.19,43.95,59.74,14.49,69.68,4,5,Graduate,55,60.17,1
821,Male,Government,6.03,95.57,48.07,49.89,87.44,10.16,54.81,12,2,Post Graduate,117,59.9,1
822,Female,Government,5.61,53.72,49.0,50.23,55.67,10.89,56.68,8,2,Graduate,88,50.85,1
823,Female,Private,8.08,78.06,84.46,56.39,76.69,19.53,58.83,11,5,High School,20,77.39,1
824,Male,Private,8.87,53.32,46.25,57.53,78.55,19.35,80.93,8,4,Graduate,105,72.46,1
825,Female,Government,8.22,59.3,36.72,68.12,33.92,5.09,61.61,9,9,Graduate,7,58.55,1
826,Female,Government,7.65,90.88,26.78,41.19,48.9,16.41,89.97,12,8,Graduate,95,66.18,1
827,Male,Private,5.21,83.73,57.34,78.39,70.98,4.75,96.09,11,0,Graduate,83,54.9,1
828,Female,Private,9.84,45.72,58.57,41.73,25.66,5.06,53.52,13,2,High School,102,59.77,1
829,Male,Private,8.99,65.72,87.27,51.72,48.92,13.85,69.25,0,2,Post Graduate,49,67.62,1
830,Female,Government,6.46,41.75,37.7,65.23,62.78,8.7,36.65,13,5,Post Graduate,26,55.17,1
831,Male,Private,9.9,68.85,50.48,85.75,99.7,18.7,44.03,13,7,Graduate,108,82.64,1
832,Male,Government,8.01,79.75,84.67,81.76,57.96,2.69,58.94,7,2,High School,27,63.13,1
833,Male,Private,7.91,47.11,85.89,75.19,85.28,10.72,44.43,13,2,High School,63,68.75,1
834,Female,Government,8.74,57.33,50.77,40.9,54.57,18.45,91.36,0,5,High School,66,66.97,1
835,Male,Private,9.06,63.87,56.73,68.29,83.71,18.18,41.08,1,7,High School,117,71.64,1
836,Female,Private,8.28,95.17,44.26,36.12,67.63,3.97,61.9,6,5,High School,72,60.13,1
837,Male,Private,5.64,99.6,94.6,56.42,90.93,7.97,72.4,14,9,High School,119,65.5,1
838,Male,Private,6.69,42.69,29.49,58.95,52.88,12.76,78.43,7,2,Graduate,58,54.86,1
839,Female,Private,9.64,85.66,94.7,32.79,68.34,4.03,56.81,0,3,Post Graduate,61,66.08,1
840,Male,Government,6.12,62.3,74.71,49.18,70.4,19.39,90.84,14,0,Post Graduate,109,66.03,1
841,Male,Private,6.86,63.55,62.53,96.9,53.39,18.38,69.78,2,7,Graduate,27,66.49,1
842,Female,Private,7.16,85.26,22.61,96.75,31.54,4.17,60.77,6,3,Post Graduate,115,51.88,1
843,Male,Private,7.2,95.11,58.05,54.66,27.48,3.3,34.71,12,5,High School,64,54.83,1
844,Male,Government,8.06,97.06,52.62,33.02,21.33,2.62,62.53,8,2,High School,77,53.83,1
845,Male,Private,9.72,74.63,32.9,42.54,89.88,18.28,87.45,7,5,Post Graduate,92,76.26,1
846,Male,Government,6.2,61.43,72.51,57.46,38.92,4.68,73.02,7,8,High School,89,51.91,1
847,Female,Private,5.61,87.25,97.69,96.34,36.92,8.91,88.25,14,8,High School,109,62.5,1
848,Female,Private,5.99,55.06,64.98,39.88,78.88,9.53,64.58,8,9,Post Graduate,114,56.17,1
849,Male,Government,9.43,73.84,77.18,83.45,45.6,12.38,38.29,9,2,Graduate,59,71.46,1
850,Female,Private,8.23,61.51,25.48,37.61,60.48,2.36,30.95,2,2,Post Graduate,84,49.56,0
851,Male,Government,6.43,79.4,53.41,98.69,33.0,5.31,51.23,7,3,Post Graduate,67,53.59,1
852,Female,Government,9.08,54.42,29.31,56.71,96.78,18.7,78.86,0,6,Post Graduate,60,71.83,1
853,Male,Private,9.31,51.5,69.02,84.27,88.13,18.26,85.32,7,2,Post Graduate,59,78.56,1
854,Male,Government,9.23,95.09,95.08,53.98,89.1,15.84,50.7,12,9,Graduate,29,83.51,1
855,Male,Private,9.59,46.11,72.94,73.94,52.54,1.37,64.7,6,7,Graduate,30,63.67,1
856,Male,Private,6.26,70.36,26.14,43.44,80.99,7.21,59.48,12,7,High School,53,56.07,1
857,Male,Government,8.78,53.25,48.37,40.22,31.51,12.93,58.74,14,5,High School,67,63.68,1
858,Male,Government,7.3,42.34,64.05,95.66,20.69,6.23,46.19,7,3,Post Graduate,49,53.55,1
859,Female,Government,9.21,42.16,52.26,94.24,21.6,18.28,39.55,0,4,High School,77,64.38,1
860,Male,Government,8.64,50.51,86.69,92.12,66.93,13.04,43.77,5,1,Graduate,83,68.82,1
861,Female,Private,8.88,92.01,85.17,73.78,56.43,2.37,33.87,6,5,High School,43,65.34,1
862,Male,Private,8.28,56.95,68.95,86.58,61.44,18.27,43.87,13,2,High School,101,71.78,1
863,Female,Government,5.89,97.03,49.88,34.83,20.6,19.2,30.64,10,5,High School,69,57.18,1
864,Female,Private,7.73,74.9,40.43,53.44,53.81,2.48,73.91,4,4,Post Graduate,73,54.11,1
865,Female,Private,9.92,66.2,28.47,51.96,77.45,11.11,52.15,13,1,High School,60,70.56,1
866,Male,Private,9.69,74.81,48.39,74.5,55.42,6.76,98.12,4,4,Graduate,13,68.95,1
867,Male,Private,5.22,71.0,53.05,54.92,78.58,8.46,43.56,6,4,Graduate,112,51.23,1
868,Female,Government,5.82,85.53,74.07,40.4,38.64,4.41,54.21,14,8,Graduate,74,53.52,1
869,Male,Government,5.66,56.95,72.65,71.75,85.05,11.98,55.05,10,7,Graduate,32,62.09,1
870,Female,Private,8.63,61.18,25.61,87.01,67.07,19.2,30.59,14,6,High School,49,72.65,1
871,Male,Government,9.09,93.65,51.62,56.75,36.86,10.56,88.74,2,2,Post Graduate,30,66.05,1
872,Female,Government,6.07,96.79,34.54,39.26,38.94,2.58,32.24,5,9,Graduate,32,47.47,0
873,Female,Government,7.53,93.55,32.55,43.77,70.24,12.78,95.81,6,3,Graduate,44,64.74,1
874,Male,Private,9.2,65.17,86.18,46.62,86.4,7.46,92.45,0,5,Post Graduate,19,70.2,1
875,Female,Private,8.66,86.82,23.35,50.99,53.25,17.26,67.49,11,2,Post Graduate,10,70.1,1
876,Male,Private,7.71,68.58,53.53,75.0,40.66,9.26,68.05,1,8,Graduate,31,59.76,1
877,Female,Government,7.95,69.85,33.46,72.07,89.36,4.66,75.76,11,7,Graduate,42,64.63,1
878,Female,Private,7.54,52.28,90.35,78.73,73.54,4.63,57.09,3,5,Post Graduate,72,60.45,1
879,Male,Private,6.49,75.47,64.56,55.38,55.85,15.61,75.31,12,3,Graduate,79,63.77,1
880,Male,Government,7.83,51.17,38.51,87.68,59.03,6.05,33.13,7,6,Graduate,89,56.83,1
881,Male,Private,8.44,59.89,60.19,44.29,36.34,15.58,33.78,10,2,High School,68,63.46,1
882,Female,Private,9.37,91.3,78.52,62.83,70.14,4.91,62.01,12,9,Post Graduate,34,73.57,1
883,Male,Government,8.18,52.42,96.65,86.07,48.7,7.11,68.47,13,7,High School,86,67.02,1
884,Female,Government,8.81,44.27,37.64,42.61,99.65,9.84,92.15,9,0,High School,103,65.54,1
885,Female,Government,5.8,44.14,90.89,37.69,58.41,18.92,37.33,5,2,Post Graduate,7,59.28,1
886,Male,Private,7.31,96.45,94.74,91.86,58.87,18.7,87.59,0,4,High School,66,73.06,1
887,Male,Private,5.05,70.42,93.31,54.01,65.27,4.93,44.7,9,4,Graduate,16,53.56,1
888,Female,Private,6.23,64.56,70.83,77.87,93.34,7.81,57.59,4,9,High School,95,60.16,1
889,Female,Government,8.63,88.65,70.39,31.77,84.07,3.84,52.16,6,1,Post Graduate,34,64.19,1
890,Male,Government,9.96,90.15,52.26,78.3,56.09,10.69,58.01,14,9,Graduate,89,75.92,1
891,Male,Private,5.5,59.93,80.19,52.13,77.5,9.75,40.53,12,7,Graduate,42,58.59,1
892,Male,Private,7.01,81.62,62.5,33.9,66.9,18.11,65.25,5,4,Graduate,89,64.52,1
893,Male,Government,9.0,86.27,74.2,72.69,59.39,18.67,86.11,12,6,Graduate,64,79.94,1
894,Male,Government,6.02,79.28,54.28,46.86,35.39,8.29,60.91,12,6,High School,42,54.44,1
895,Female,Government,7.78,49.1,78.52,57.08,57.11,10.34,64.34,11,4,High School,108,62.7,1
896,Female,Government,8.67,92.55,85.96,35.64,39.67,18.03,89.41,8,7,Graduate,19,75.12,1
897,Female,Private,8.08,72.35,31.71,40.3,93.19,16.33,79.42,7,8,Post Graduate,22,70.79,1
898,Female,Government,5.94,56.95,86.63,50.86,46.83,1.07,64.33,14,3,Graduate,56,51.6,1
899,Male,Private,6.78,65.51,63.22,36.28,96.18,7.08,48.04,3,3,High School,33,57.79,1
900,Male,Private,8.92,42.25,87.57,93.76,62.64,9.01,91.94,12,7,Graduate,116,71.39,1
901,Male,Private,7.77,47.67,54.5,30.42,70.52,5.36,70.39,10,0,High School,106,55.71,1
902,Female,Government,5.03,85.93,50.32,63.87,63.44,4.79,45.48,11,3,Graduate,64,50.8,1
903,Female,Government,8.8,40.0,93.2,38.63,30.35,1.72,48.84,4,5,Post Graduate,25,55.61,1
904,Male,Government,5.18,64.99,40.09,51.54,50.07,13.22,86.22,6,3,Graduate,21,52.91,1
905,Male,Government,8.73,71.35,87.54,94.82,27.93,5.99,33.09,7,5,Post Graduate,109,62.62,1
906,Female,Private,6.01,43.28,58.72,41.32,69.84,1.99,99.45,4,4,Post Graduate,119,47.42,0
907,Female,Government,9.79,98.38,61.13,97.61,55.75,5.39,39.12,8,8,Graduate,22,72.77,1
908,Male,Government,6.84,53.57,44.68,44.41,82.24,16.24,85.72,13,9,Post Graduate,61,66.53,1
909,Male,Private,6.63,58.25,65.84,81.91,37.64,17.18,57.63,9,8,Post Graduate,41,63.74,1
910,Female,Government,5.74,58.24,46.02,68.27,33.17,10.18,64.46,11,3,High School,64,51.87,1
911,Male,Private,6.53,53.82,23.14,91.91,52.51,8.91,91.65,3,3,High School,42,54.03,1
912,Male,Private,9.38,40.09,41.76,68.78,94.13,19.58,58.9,3,7,Post Graduate,16,75.28,1
913,Male,Private,9.98,83.76,20.51,67.42,76.83,4.81,67.62,12,9,Graduate,79,70.06,1
914,Female,Private,6.84,98.01,98.27,43.68,53.51,5.09,33.45,7,3,Post Graduate,116,57.36,1
915,Female,Private,7.24,53.46,97.26,41.64,61.38,6.55,30.16,0,1,Graduate,117,53.25,1
916,Female,Private,8.61,79.78,51.61,94.15,26.74,4.28,47.14,7,1,High School,88,58.55,1
917,Female,Private,9.43,84.51,78.27,52.95,98.77,8.21,77.64,4,0,Graduate,77,72.75,1
918,Female,Private,7.97,90.91,47.66,56.05,73.31,18.31,38.49,12,4,Post Graduate,5,73.12,1
919,Female,Government,6.96,65.36,73.69,83.19,42.83,12.69,37.96,13,5,Post Graduate,62,63.32,1
920,Female,Government,7.06,58.18,84.43,53.72,66.86,8.83,58.77,10,8,Post Graduate,7,63.89,1
921,Male,Government,8.48,59.52,95.74,96.64,28.76,18.75,75.35,0,4,Post Graduate,67,70.4,1
922,Male,Government,5.02,82.76,52.02,81.65,97.27,1.92,79.85,3,5,Post Graduate,25,53.73,1
923,Male,Private,8.1,89.01,82.66,71.82,33.98,5.0,42.49,1,5,Graduate,27,60.05,1
924,Male,Government,6.78,50.9,41.27,91.66,71.84,11.75,35.57,3,2,Post Graduate,13,58.33,1
925,Male,Private,8.97,62.26,99.23,33.47,39.64,12.7,95.83,7,3,High School,87,68.35,1
926,Male,Government,5.46,94.12,22.06,47.99,77.4,1.75,48.25,4,0,Post Graduate,113,44.76,0
927,Male,Government,7.94,88.4,68.28,62.55,82.15,8.66,89.73,0,3,Graduate,59,66.04,1
928,Female,Government,7.4,99.09,72.76,45.89,73.87,13.33,90.44,6,0,Post Graduate,114,66.85,1
929,Female,Private,8.21,85.25,75.04,82.07,69.16,14.26,84.08,0,4,Post Graduate,23,71.81,1
930,Male,Government,5.32,63.59,29.63,94.34,91.4,13.12,41.82,8,7,Graduate,66,58.48,1
931,Male,Private,7.9,75.44,95.08,59.66,26.29,7.09,87.53,2,7,Post Graduate,91,60.35,1
932,Female,Private,7.81,79.66,34.49,53.95,46.47,2.78,83.85,11,4,Graduate,95,56.19,1
933,Male,Government,7.8,44.71,69.82,97.31,39.86,9.12,71.77,2,9,Post Graduate,95,60.03,1
934,Male,Government,8.02,72.67,37.81,61.14,99.04,3.45,53.6,14,1,High School,43,63.76,1
935,Female,Government,8.38,82.56,44.58,64.23,51.15,19.0,48.38,14,5,Post Graduate,104,71.24,1
936,Male,Private,9.02,50.04,63.72,54.62,78.61,10.03,38.53,5,0,Graduate,80,64.39,1
937,Female,Government,6.35,86.84,53.38,93.67,74.78,7.03,65.68,9,6,High School,31,62.43,1
938,Male,Private,9.13,75.03,32.82,69.83,36.97,15.56,70.97,5,3,Graduate,50,67.17,1
939,Female,Private,7.49,97.13,33.67,83.35,39.12,10.46,55.15,12,4,Post Graduate,38,63.3,1
940,Female,Government,5.39,42.55,53.45,86.83,42.5,6.89,63.28,10,5,High School,37,50.58,1
941,Female,Government,5.29,55.92,80.58,53.93,52.89,16.43,55.45,10,0,Graduate,96,56.51,1
942,Male,Private,6.67,76.09,91.84,60.36,38.75,17.48,74.87,5,8,High School,99,64.75,1
943,Female,Private,8.92,57.79,26.73,89.39,21.57,13.79,93.09,12,9,High School,100,66.44,1
944,Male,Private,8.54,82.87,51.45,55.43,90.35,1.89,41.47,0,3,Graduate,54,59.94,1
945,Male,Government,8.94,85.54,28.02,85.58,97.25,11.76,56.7,4,7,High School,24,72.81,1
946,Male,Private,7.59,46.15,21.33,95.87,47.33,15.5,39.86,11,4,Graduate,44,61.94,1
947,Male,Government,7.2,70.83,72.94,73.62,47.08,3.59,73.75,5,7,High School,103,56.49,1
948,Female,Private,5.74,70.53,68.2,81.91,20.57,5.34,81.02,7,0,High School,99,49.03,0
949,Female,Private,6.64,62.16,33.04,86.36,74.42,17.77,95.23,12,7,High School,62,68.13,1
950,Male,Government,7.17,95.98,38.71,89.15,86.04,1.38,49.52,0,3,Post Graduate,35,57.25,1
951,Male,Private,5.44,89.65,21.9,57.65,31.73,15.3,96.51,4,1,Post Graduate,42,53.0,1
952,Female,Government,6.1,81.83,86.8,33.59,32.77,10.0,34.43,2,5,Graduate,90,51.73,1
953,Male,Government,7.99,82.86,97.98,58.13,83.21,9.49,72.21,1,1,High School,49,68.14,1
954,Female,Private,8.68,67.7,30.84,77.16,69.3,1.13,34.0,10,4,Graduate,45,59.5,1
955,Male,Government,9.99,95.26,38.52,61.52,23.59,16.57,92.56,7,1,Post Graduate,13,73.35,1
956,Male,Government,9.67,81.68,89.47,82.43,69.8,7.84,67.09,6,2,Post Graduate,13,75.01,1
957,Female,Private,8.21,83.74,94.12,54.99,44.71,11.27,76.85,9,5,Post Graduate,67,68.92,1
958,Male,Government,7.11,91.7,53.57,74.43,49.5,13.87,88.21,6,0,Post Graduate,83,63.52,1
959,Female,Government,8.18,56.44,24.05,43.05,81.58,14.35,40.52,4,5,Graduate,81,61.64,1
960,Male,Government,8.93,88.42,23.15,82.46,84.87,19.16,32.7,11,2,High School,26,76.3,1
961,Male,Private,5.59,51.71,65.92,68.2,52.03,11.1,91.52,12,6,Graduate,20,58.58,1
962,Male,Government,7.05,60.72,51.43,44.28,95.77,8.59,52.05,8,1,High School,36,60.27,1
963,Female,Private,9.2,60.14,22.29,50.43,52.52,19.12,39.03,4,5,Post Graduate,70,66.17,1
964,Male,Private,6.92,98.71,66.66,82.4,81.75,13.2,62.79,1,7,High School,94,66.78,1
965,Male,Government,7.86,91.39,20.9,63.78,58.71,6.66,71.88,2,0,Post Graduate,18,57.94,1
966,Male,Government,7.94,82.07,82.99,45.12,91.8,3.4,32.17,3,8,Graduate,42,63.12,1
967,Male,Government,5.92,83.62,44.51,97.71,92.62,17.01,49.24,14,4,High School,102,67.88,1
968,Female,Private,6.81,73.72,23.22,80.06,26.99,7.88,32.3,4,4,Graduate,12,51.03,1
969,Female,Government,6.67,96.83,67.07,97.0,94.92,13.55,59.42,12,4,Post Graduate,104,71.4,1
970,Male,Government,5.13,69.78,51.81,59.9,86.04,9.95,92.66,2,5,Graduate,25,55.86,1
971,Female,Government,5.12,62.83,97.9,63.26,83.3,4.78,98.79,11,1,Post Graduate,60,57.62,1
972,Male,Government,9.16,49.78,63.54,92.86,36.07,12.43,74.59,13,5,Post Graduate,50,70.63,1
973,Male,Government,6.37,87.17,42.02,66.75,84.41,2.15,41.31,6,3,Post Graduate,47,54.19,1
974,Male,Private,7.59,84.07,76.76,79.51,88.01,8.85,93.41,4,7,Graduate,96,68.79,1
975,Female,Private,6.49,63.06,41.72,47.65,43.13,11.39,66.14,4,8,Graduate,50,54.18,1
976,Female,Government,9.7,41.51,92.34,61.27,96.18,9.28,40.76,5,8,High School,112,71.82,1
977,Female,Government,6.3,90.34,49.98,38.64,23.99,15.22,94.52,6,7,High School,52,58.29,1
978,Female,Government,7.15,40.69,63.99,44.42,31.99,16.73,83.02,9,2,Graduate,74,59.41,1
979,Female,Government,9.36,82.22,24.05,30.07,63.01,15.65,81.22,9,9,Graduate,88,70.59,1
980,Female,Private,9.21,98.22,54.09,32.75,66.06,1.74,79.64,7,3,Graduate,35,64.32,1
981,Female,Government,5.93,66.26,86.59,98.41,71.61,4.69,44.02,8,0,Graduate,37,57.57,1
982,Female,Private,9.01,54.1,84.45,46.96,21.36,11.2,44.77,10,8,Post Graduate,48,65.02,1
983,Female,Private,7.29,82.29,37.95,76.43,96.83,18.76,78.18,3,4,Post Graduate,75,70.29,1
984,Male,Government,7.41,89.03,38.09,88.74,23.57,16.86,45.38,4,5,Post Graduate,12,63.11,1
985,Female,Private,5.67,72.79,85.38,68.55,31.44,17.01,60.71,14,2,Graduate,77,61.4,1
986,Female,Private,5.4,98.02,94.43,40.72,21.12,6.76,84.74,4,9,Post Graduate,6,54.13,1
987,Female,Private,8.64,43.1,27.63,80.97,65.35,9.16,84.88,7,7,Post Graduate,21,64.56,1
988,Female,Private,7.48,70.29,56.0,72.02,94.58,9.94,61.73,8,6,High School,56,66.92,1
989,Female,Government,7.18,83.11,47.0,81.19,73.28,3.99,85.45,6,0,High School,49,59.47,1
990,Female,Government,8.65,91.76,89.66,83.88,85.81,1.59,88.7,14,9,Post Graduate,41,74.74,1
991,Female,Private,8.83,50.76,26.68,98.28,21.06,18.99,75.83,4,4,Post Graduate,46,65.96,1
992,Female,Government,5.79,88.0,36.89,70.15,63.36,5.57,45.99,2,9,Post Graduate,48,51.96,1
993,Female,Government,8.05,73.16,80.2,53.91,56.77,5.56,49.18,0,8,Graduate,85,59.25,1
994,Female,Government,5.68,63.79,24.1,75.39,59.92,2.58,52.04,10,5,High School,42,48.54,0
995,Female,Government,8.76,47.9,59.4,34.79,25.78,18.64,38.18,8,7,High School,103,63.51,1
996,Male,Government,8.28,91.92,55.37,92.82,74.75,12.02,49.12,4,9,High School,115,69.64,1
997,Male,Private,9.78,49.44,46.75,38.36,60.26,13.67,44.67,8,0,Post Graduate,107,65.6,1
998,Female,Government,5.34,58.59,51.57,52.95,81.21,18.32,61.87,9,9,Graduate,98,60.67,1
999,Female,Government,5.29,57.4,62.4,87.1,58.82,7.57,93.59,14,6,High School,10,58.39,1
1000,Male,Government,6.41,92.28,32.91,71.81,31.95,12.81,37.31,11,2,High School,72,56.46,1
